,sub,onset,offset,cat,tier
0,4,10.75,10.98,V,VCV
1,4,17.78,19.5,V,VCV
2,4,20.145,23.095,V,VCV
3,4,26.615,26.955,CV,VCV
4,4,27.89,28.39,V,VCV
5,4,32.895,33.395,VCV,VCV
6,4,33.75,33.93,V,VCV
7,4,54.455,55.135,CVCV,VCV
8,4,55.6,55.78,V,VCV
9,4,70.405,70.615,CV,VCV
10,4,74.135,74.535,VCV,VCV
11,4,75.71,75.85,V,VCV
12,4,112.815,113.085,V,VCV
13,4,117.185,117.415,CV,VCV
14,4,118.515,119.065,CV,VCV
15,4,124.74,125.05,V,VCV
16,4,143.34,143.56,V,VCV
17,4,147.825,148.435,CVCV,VCV
18,4,161.735,164.855,V,VCV
19,4,165.65,166.17,V,VCV
20,4,183.055,183.185,V,VCV
21,4,186.855,187.125,V,VCV
22,4,190.915,190.995,CV,VCV
23,4,217.92,218.13,V,VCV
24,4,228.19,228.59,V,VCV
25,4,240.955,241.145,V,VCV
26,4,245.375,245.635,CV,VCV
27,4,252.33,252.51,V,VCV
28,4,264.255,264.375,V,VCV
29,4,265.85,266.23,V,VCV
30,4,274.19,274.63,VCV,VCV
31,4,280.615,280.825,CV,VCV
32,4,283.515,283.705,CV,VCV
33,4,314.095,314.435,CV,VCV
34,4,331.66,332.05,CV,VCV
35,4,337.85,337.98,V,VCV
36,4,348.14,348.47,VCV,VCV
37,4,349.87,350.0,V,VCV
38,4,350.83,351.24,VCV,VCV
39,4,352.04,352.25,CV,VCV
40,4,353.12,353.33,V,VCV
41,4,370.23,370.37,V,VCV
42,4,387.005,387.245,CV,VCV
43,4,400.75,400.96,CV,VCV
44,4,409.58,409.73,V,VCV
45,4,411.23,411.66,VCV,VCV
46,4,412.35,412.78,V,VCV
47,4,413.7,413.88,V,VCV
48,4,429.875,430.455,V,VCV
49,4,435.87,436.53,V,VCV
50,4,437.385,438.015,V,VCV
51,4,438.565,438.915,V,VCV
52,4,439.755,440.725,V,VCV
53,4,449.265,450.045,V,VCV
54,4,450.86,451.33,VCV,VCV
55,4,455.22,455.47,V,VCV
56,4,460.92,462.14,CVCV,VCV
57,4,462.645,462.915,CV,VCV
58,4,463.335,463.485,V,VCV
59,4,484.995,485.215,V,VCV
60,4,508.03,508.32,V,VCV
61,4,509.15,509.44,V,VCV
62,4,509.73,510.08,V,VCV
63,4,519.51,520.26,CV,VCV
64,4,590.0,590.61,V,VCV
65,4,591.6,591.88,CV,VCV
66,4,593.235,593.555,CV,VCV
67,4,601.11,602.0,VCV,VCV
68,4,603.055,603.245,V,VCV
69,4,606.81,607.31,VCV,VCV
70,4,615.07,615.74,V,VCV
71,4,616.625,617.345,V,VCV
72,4,618.015,618.555,V,VCV
73,4,620.675,621.355,V,VCV
74,4,627.855,628.695,V,VCV
75,4,629.135,629.945,V,VCV
76,4,635.17,635.51,V,VCV
77,4,638.28,639.14,CVCV,VCV
78,4,639.84,641.11,CVCV,VCV
79,4,647.245,647.455,CV,VCV
80,4,651.73,652.42,V,VCV
81,4,653.195,653.975,V,VCV
82,4,657.145,657.365,V,VCV
83,4,677.48,679.23,V,VCV
84,4,680.065,680.265,CV,VCV
85,4,682.435,685.645,CVCV,VCV
86,4,686.33,686.58,CV,VCV
87,4,687.575,687.765,V,VCV
88,4,691.93,692.09,CV,VCV
89,4,694.746,695.012,CV,VCV
90,4,695.431,695.677,CV,VCV
91,4,713.203,713.391,V,VCV
92,4,721.381,721.543,V,VCV
93,4,731.474,731.845,V,VCV
94,4,739.801,739.983,CV,VCV
95,4,742.95,743.08,V,VCV
96,4,746.281,746.593,V,VCV
97,4,755.72,755.856,V,VCV
98,4,757.993,758.11,V,VCV
99,4,776.031,776.368,CV,VCV
100,4,784.874,785.166,V,VCV
101,4,791.526,792.474,CVCV,VCV
102,4,797.077,797.408,V,VCV
103,4,798.138,798.67,V,VCV
104,4,801.365,801.975,CVCV,VCV
105,4,803.02,803.215,CV,VCV
106,4,820.467,820.681,V,VCV
107,4,832.584,833.415,CVCV,VCV
108,4,839.927,840.148,V,VCV
109,4,841.724,842.017,V,VCV
110,4,843.48,843.72,V,VCV
111,4,846.009,846.178,V,VCV
112,4,865.826,865.988,V,VCV
113,4,872.017,872.439,VCV,VCV
114,4,872.767,873.682,VCV,VCV
115,4,880.23,880.321,V,VCV
116,4,888.203,888.495,V,VCV
117,4,893.063,893.407,V,VCV
118,4,908.247,908.455,V,VCV
119,4,919.948,920.376,VCV,VCV
120,4,928.291,928.486,V,VCV
121,4,938.933,939.439,CVCV,VCV
122,4,941.173,941.939,CV,VCV
123,4,952.536,952.763,CV,VCV
124,4,953.168,953.545,VCV,VCV
125,4,991.504,991.777,V,VCV
126,4,1010.776,1011.159,VCV,VCV
127,4,1013.135,1013.239,V,VCV
128,4,1037.309,1037.53,V,VCV
129,4,1043.757,1043.926,CV,VCV
130,4,1051.892,1052.067,CV,VCV
131,4,1063.108,1064.543,CVCV,VCV
132,4,1065.636,1067.669,CVCV,VCV
133,4,1067.957,1068.1,CV,VCV
134,4,1074.034,1074.222,V,VCV
135,4,1078.017,1078.225,V,VCV
136,4,1109.004,1109.28,V,VCV
137,4,1114.882,1115.109,V,VCV
138,4,1163.161,1163.292,V,VCV
139,4,1164.265,1166.349,V,VCV
140,4,1178.442,1178.878,VCV,VCV
141,4,1179.413,1179.634,V,VCV
142,4,1181.159,1181.328,V,VCV
143,4,1184.116,1188.408,CVCV,VCV
144,4,1188.982,1190.164,V,VCV
145,4,1241.298,1241.48,V,VCV
146,4,1249.09,1249.213,V,VCV
147,4,1250.43,1250.586,V,VCV
148,4,1276.987,1278.026,V,VCV
149,4,1279.161,1279.843,V,VCV
150,4,1280.794,1281.612,V,VCV
151,4,1281.904,1282.06,V,VCV
152,4,1303.382,1303.681,VCV,VCV
153,4,1312.368,1312.615,CV,VCV
154,4,1334.516,1334.893,VCV,VCV
155,4,1353.216,1353.521,V,VCV
156,4,1376.899,1377.38,VCV,VCV
157,4,1399.742,1401.437,V,VCV
158,4,1402.92,1404.764,V,VCV
159,4,1408.302,1408.75,V,VCV
160,4,1430.661,1431.044,VCV,VCV
161,4,1432.611,1432.826,V,VCV
162,4,1436.451,1436.88,VCV,VCV
163,4,1443.768,1445.431,V,VCV
164,4,1447.805,1448.064,V,VCV
165,4,1449.434,1450.921,CVCV,VCV
166,4,1452.988,1453.482,CVCV,VCV
167,4,1454.228,1454.455,CV,VCV
168,4,1469.197,1469.392,V,VCV
169,4,1483.176,1483.332,CV,VCV
170,4,1490.701,1491.247,CVCV,VCV
171,4,1492.753,1493.019,CV,VCV
172,4,1494.314,1495.003,CVCV,VCV
173,4,1505.281,1506.352,C,VCV
174,4,1509.35,1510.376,CVCV,VCV
175,4,1553.595,1553.751,V,VCV
176,4,1593.249,1593.425,V,VCV
177,4,1593.915,1594.213,V,VCV
178,4,1595.271,1596.245,V,VCV
179,4,1599.394,1599.81,CV,VCV
180,4,1600.413,1600.608,CV,VCV
181,4,1630.46,1630.739,V,VCV
182,4,1632.618,1633.118,VCV,VCV
183,4,1633.601,1633.952,CV,VCV
184,4,1642.113,1642.581,V,VCV
185,4,1647.281,1649.892,VC,VCV
186,4,1653.553,1653.813,V,VCV
187,4,1658.13,1658.856,CVCV,VCV
188,4,1660.135,1660.876,CVCV,VCV
189,4,1661.66,1661.842,V,VCV
190,4,1670.614,1671.737,VCV,VCV
191,4,1674.694,1674.973,CV,VCV
192,4,1677.131,1677.281,V,VCV
193,4,1679.108,1679.277,CV,VCV
194,4,1697.926,1698.647,VCVC,VCV
195,4,1721.311,1722.382,CVCV,VCV
196,4,1725.287,1725.553,V,VCV
197,4,1755.324,1755.454,V,VCV
198,4,1760.856,1761.148,V,VCV
199,4,1763.502,1764.093,V,VCV
200,4,1773.134,1773.394,CV,VCV
201,4,1779.114,1779.205,V,VCV
202,4,1780.191,1780.399,V,VCV
203,4,1781.632,1782.048,V,VCV
204,4,1785.948,1788.032,V,VCV
0,6,35.71,37.16,V,VCV
1,6,38.895,39.105,V,VCV
2,6,92.75,93.86,V,VCV
3,6,104.105,104.605,V,VCV
4,6,122.045,123.825,V,VCV
5,6,164.875,166.655,V,VCV
6,6,214.145,214.51,V,VCV
7,6,220.26,220.59,VC,VCV
8,6,249.045,249.615,V,VCV
9,6,301.43,301.65,V,VCV
10,6,304.6,304.88,V,VCV
11,6,332.09,333.55,V,VCV
12,6,335.38,337.02,V,VCV
13,6,379.23,379.56,V,VCV
14,6,386.305,386.655,V,VCV
15,6,387.59,388.2,V,VCV
16,6,391.255,393.265,V,VCV
17,6,393.93,395.14,V,VCV
18,6,544.065,544.775,V,VCV
19,6,559.63,561.15,V,VCV
20,6,562.3,562.76,V,VCV
21,6,588.63,589.26,V,VCV
22,6,618.615,619.785,V,VCV
23,6,620.31,620.9,V,VCV
24,6,629.955,631.085,V,VCV
25,6,637.03,638.31,V,VCV
26,6,653.59,654.15,CVCV,VCV
27,6,655.05,655.51,CV,VCV
28,6,661.645,661.985,V,VCV
29,6,663.865,664.405,V,VCV
30,6,665.655,665.935,V,VCV
31,6,667.335,667.655,V,VCV
32,6,668.575,668.805,V,VCV
33,6,670.01,670.4,V,VCV
34,6,671.965,672.465,V,VCV
35,6,678.595,679.055,CV,VCV
36,6,680.515,682.275,V,VCV
37,6,697.315,698.275,V,VCV
38,6,714.835,715.795,V,VCV
39,6,717.481,717.941,V,VCV
40,6,719.031,719.681,VC,VCV
41,6,723.476,723.966,V,VCV
42,6,730.571,732.881,VCV,VCV
43,6,757.376,757.976,V,VCV
44,6,758.506,759.786,V,VCV
45,6,760.106,760.866,V,VCV
46,6,773.646,775.776,V,VCV
47,6,776.171,777.661,V,VCV
48,6,790.656,791.756,V,VCV
49,6,792.436,792.856,V,VCV
50,6,805.876,806.416,VC,VCV
51,6,826.986,827.686,CVC,VCV
52,6,830.996,832.95,VCVC,VCV
53,6,836.121,837.04,CVCV,VCV
54,6,839.736,839.966,V,VCV
55,6,856.741,857.091,V,VCV
56,6,858.056,858.326,V,VCV
57,6,859.886,860.606,V,VCV
58,6,862.236,862.486,V,VCV
59,6,871.051,871.3,V,VCV
60,6,877.416,877.81,V,VCV
61,6,880.336,880.616,V,VCV
62,6,886.656,887.176,CV,VCV
63,6,887.646,889.606,V,VCV
64,6,889.976,891.616,CV,VCV
65,6,892.316,892.736,VC,VCV
66,6,903.316,903.736,CV,VCV
67,6,904.536,905.696,V,VCV
68,6,906.886,908.536,V,VCV
69,6,909.581,911.371,V,VCV
70,6,911.816,912.926,V,VCV
71,6,924.327,926.252,VCV,VCV
72,6,927.519,928.022,VCV,VCV
73,6,928.858,929.765,VCV,VCV
74,6,930.308,930.743,VCV,VCV
75,6,931.084,931.562,VCV,VCV
76,6,936.51,936.958,CV,VCV
77,6,943.588,944.532,CVCV,VCV
78,6,949.499,950.969,CVCV,VCV
79,6,952.425,952.822,CVCV,VCV
80,6,953.583,955.403,V,VCV
81,6,958.216,958.502,V,VCV
82,6,960.902,961.181,VC,VCV
83,6,962.033,962.381,VCV,VCV
84,6,967.091,969.135,V,VCV
85,6,969.796,970.802,V,VCV
86,6,977.167,977.297,CV,VCV
87,6,978.064,978.487,CVCV,VCV
88,6,979.192,979.732,CVCV,VCV
89,6,996.331,996.679,VCV,VCV
90,6,997.949,998.21,VCV,VCV
91,6,999.912,1000.129,VCV,VCV
92,6,1010.456,1010.978,CV,VCV
93,6,1012.327,1012.588,V,VCV
94,6,1021.682,1022.733,V,VCV
95,6,1051.301,1051.674,CV,VCV
96,6,1063.298,1063.652,CV,VCV
97,6,1067.674,1068.189,CV,VCV
98,6,1069.272,1069.651,CV,VCV
99,6,1071.226,1071.983,VC,VCV
100,6,1074.616,1074.932,VCV,VCV
101,6,1084.909,1085.437,CV,VCV
102,6,1087.132,1087.498,CV,VCV
103,6,1088.035,1088.383,V,VCV
104,6,1091.908,1092.219,V,VCV
105,6,1107.396,1107.756,CVC,VCV
106,6,1118.161,1118.503,CVC,VCV
107,6,1120.036,1121.155,CVCV,VCV
108,6,1121.856,1123.664,V,VCV
109,6,1131.442,1132.466,V,VCV
110,6,1135.503,1136.112,V,VCV
111,6,1137.601,1138.433,V,VCV
112,6,1139.29,1139.545,V,VCV
113,6,1145.465,1145.918,VCV,VCV
114,6,1159.311,1160.248,VCVC,VCV
115,6,1175.63,1176.561,V,VCV
116,6,1180.509,1180.77,CVC,VCV
117,6,1248.627,1248.913,V,VCV
118,6,1261.872,1262.623,CVCV,VCV
119,6,1270.294,1270.766,CV,VCV
120,6,1272.59,1273.143,CV,VCV
121,6,1281.116,1281.743,V,VCV
122,6,1282.732,1285.011,VCV,VCV
123,6,1327.335,1328.205,CV,VCV
124,6,1356.918,1357.546,VCV,VCV
125,6,1358.04,1358.699,V,VCV
126,6,1371.057,1371.989,V,VCV
127,6,1374.457,1376.152,VC,VCV
128,6,1377.548,1378.915,V,VCV
129,6,1380.594,1381.19,V,VCV
130,6,1403.395,1404.109,V,VCV
131,6,1407.551,1407.986,CVCV,VCV
132,6,1408.734,1409.051,V,VCV
133,6,1410.091,1410.942,V,VCV
134,6,1428.423,1429.38,VCVC,VCV
135,6,1430.367,1430.609,CV,VCV
136,6,1432.332,1432.866,V,VCV
137,6,1436.441,1436.9,V,VCV
138,6,1437.719,1439.104,V,VCV
139,6,1446.708,1447.199,VCV,VCV
140,6,1450.85,1452.602,CVCV,VCV
141,6,1453.335,1453.727,V,VCV
142,6,1458.97,1459.38,V,VCV
143,6,1469.579,1472.424,CVCV,VCV
144,6,1480.92,1481.162,V,VCV
145,6,1491.068,1493.267,VCVC,VCV
146,6,1494.269,1495.068,VC,VCV
147,6,1497.898,1498.259,V,VCV
148,6,1498.55,1499.04,CVCV,VCV
149,6,1507.563,1508.072,CVCV,VCV
150,6,1511.23,1512.0,V,VCV
151,6,1521.236,1521.447,CV,VCV
152,6,1582.071,1582.497,V,VCV
153,6,1583.447,1583.919,CV,VCV
154,6,1585.322,1585.899,V,VCV
155,6,1600.722,1602.503,V,VCV
156,6,1602.861,1603.643,V,VCV
157,6,1605.011,1606.067,CVCV,VCV
158,6,1606.845,1607.975,CV,VCV
159,6,1615.984,1616.279,CV,VCV
160,6,1626.65,1627.874,CV,VCV
161,6,1629.469,1630.91,V,VCV
162,6,1633.285,1633.664,V,VCV
163,6,1634.347,1634.695,CV,VCV
164,6,1640.225,1640.405,V,VCV
165,6,1646.432,1646.786,V,VCV
166,6,1663.833,1666.472,V,VCV
167,6,1671.88,1672.706,V,VCV
168,6,1676.131,1676.553,CV,VCV
169,6,1677.814,1678.659,V,VCV
170,6,1692.325,1693.704,V,VCV
171,6,1700.142,1700.549,V,VCV
172,6,1715.136,1716.202,V,VCV
173,6,1719.527,1720.304,CV,VCV
174,6,1727.531,1728.412,V,VCV
175,6,1756.6,1757.329,V,VCV
176,6,1762.468,1764.995,V,VCV
177,6,1765.428,1766.36,V,VCV
178,6,1776.142,1776.426,V,VCV
179,6,1777.819,1780.496,VCV,VCV
180,6,1782.358,1783.316,V,VCV
181,6,1784.237,1784.64,V,VCV
182,6,1803.569,1804.052,VCV,VCV
0,10,7.96,8.09,V,VCV
1,10,76.25,76.54,V,VCV
2,10,89.49,91.15,V,VCV
3,10,124.165,124.645,V,VCV
4,10,181.34,181.5,V,VCV
5,10,350.891,351.417,V,VCV
6,10,370.952,371.328,CV,VCV
7,10,375.236,375.997,CV,VCV
8,10,574.93,575.704,V,VCV
9,10,583.882,583.96,V,VCV
10,10,588.527,589.653,V,VCV
11,10,597.615,597.771,V,VCV
12,10,605.412,605.56,V,VCV
13,10,608.972,609.251,V,VCV
14,10,614.002,614.302,V,VCV
15,10,640.289,640.558,V,VCV
16,10,648.909,649.048,V,VCV
17,10,651.004,651.417,V,VCV
18,10,656.475,656.844,CV,VCV
19,10,688.382,688.6,C,VCV
20,10,714.315,714.619,V,VCV
21,10,719.392,719.653,V,VCV
22,10,726.804,728.395,V,VCV
23,10,736.559,737.624,VCV,VCV
24,10,745.929,746.442,CV,VCV
25,10,746.88,747.715,V,VCV
26,10,748.423,748.745,V,VCV
27,10,750.523,751.132,CVC,VCV
28,10,761.474,762.113,V,VCV
29,10,779.187,779.904,CVCV,VCV
30,10,781.123,782.671,VCV,VCV
31,10,787.195,788.286,V,VCV
32,10,788.87,789.531,V,VCV
33,10,792.643,793.521,V,VCV
34,10,794.486,795.659,V,VCV
35,10,796.886,798.586,VCV,VCV
36,10,799.255,800.264,V,VCV
37,10,800.985,801.141,V,VCV
38,10,802.44,804.671,VCV,VCV
39,10,805.528,806.459,V,VCV
40,10,807.143,807.56,CV,VCV
41,10,808.595,809.451,V,VCV
42,10,810.381,811.098,CV,VCV
43,10,813.81,814.049,V,VCV
44,10,831.737,833.45,VCV,VCV
45,10,871.349,873.145,VCVC,VCV
46,10,892.696,893.362,V,VCV
47,10,904.376,904.654,V,VCV
48,10,1021.793,1022.443,V,VCV
49,10,1046.638,1046.928,V,VCV
50,10,1060.828,1060.891,V,VCV
51,10,1061.331,1061.42,V,VCV
52,10,1065.487,1065.818,V,VCV
53,10,1150.531,1150.701,V,VCV
54,10,1164.362,1164.629,V,VCV
55,10,1167.563,1168.022,V,VCV
56,10,1225.395,1225.529,V,VCV
57,10,1226.886,1226.989,V,VCV
58,10,1236.847,1238.195,V,VCV
59,10,1253.997,1254.06,V,VCV
60,10,1254.447,1254.524,V,VCV
61,10,1258.639,1260.268,V,VCV
62,10,1275.446,1277.386,V,VCV
63,10,1277.956,1279.319,V,VCV
64,10,1279.891,1280.37,V,VCV
65,10,1293.492,1293.66,V,VCV
66,10,1298.674,1301.821,V,VCV
67,10,1329.307,1329.54,V,VCV
68,10,1346.119,1346.349,CV,VCV
69,10,1357.447,1358.202,V,VCV
70,10,1358.584,1358.805,V,VCV
71,10,1359.426,1360.245,V,VCV
72,10,1371.122,1371.357,CVCV,VCV
73,10,1441.21,1441.371,V,VCV
74,10,1446.778,1446.884,V,VCV
75,10,1516.787,1517.44,V,VCV
76,10,1545.484,1545.563,V,VCV
77,10,1580.337,1580.51,V,VCV
78,10,1581.243,1581.418,V,VCV
79,10,1582.79,1583.079,VCV,VCV
80,10,1589.56,1590.037,V,VCV
81,10,1593.489,1595.385,V,VCV
82,10,1597.202,1597.58,V,VCV
83,10,1599.258,1599.552,V,VCV
0,11,122.43,122.61,V,VCV
1,11,125.0,125.76,CVC,VCV
2,11,140.24,140.53,V,VCV
3,11,148.18,148.55,C,VCV
4,11,150.855,150.995,V,VCV
5,11,152.335,152.585,CV,VCV
6,11,155.03,155.76,V,VCV
7,11,169.615,170.175,VCV,VCV
8,11,170.975,173.045,V,VCV
9,11,173.65,174.48,V,VCV
10,11,174.995,176.195,VCV,VCV
11,11,176.775,178.165,V,VCV
12,11,183.49,183.91,V,VCV
13,11,184.56,185.05,V,VCV
14,11,185.895,186.22,V,VCV
15,11,192.83,194.16,V,VCV
16,11,215.155,215.385,V,VCV
17,11,228.34,228.64,V,VCV
18,11,238.87,239.2,V,VCV
19,11,249.395,249.995,V,VCV
20,11,265.315,265.725,CV,VCV
21,11,266.18,267.96,V,VCV
22,11,268.88,271.77,V,VCV
23,11,288.796,289.166,V,VCV
24,11,306.041,306.261,V,VCV
25,11,306.941,307.191,V,VCV
26,11,307.996,308.206,V,VCV
27,11,315.411,316.07,V,VCV
28,11,320.201,320.621,VC,VCV
29,11,336.841,337.131,V,VCV
30,11,353.116,354.256,V,VCV
31,11,361.816,362.076,V,VCV
32,11,363.346,363.536,V,VCV
33,11,371.581,371.791,V,VCV
34,11,391.136,392.896,V,VCV
35,11,399.096,399.376,C,VCV
36,11,400.006,400.226,V,VCV
37,11,401.336,402.016,VCV,VCV
38,11,404.496,405.306,V,VCV
39,11,407.871,409.21,V,VCV
40,11,411.716,412.666,V,VCV
41,11,417.871,419.221,VCV,VCV
42,11,420.286,420.956,V,VCV
43,11,421.761,422.361,VCV,VCV
44,11,423.791,424.511,V,VCV
45,11,428.731,429.561,V,VCV
46,11,431.246,431.876,V,VCV
47,11,445.111,445.731,VCV,VCV
48,11,454.171,455.071,VCV,VCV
49,11,467.621,467.871,V,VCV
50,11,487.176,487.806,V,VCV
51,11,547.041,547.221,V,VCV
52,11,552.531,553.121,V,VCV
53,11,555.896,556.576,VCV,VCV
54,11,566.056,566.536,CV,VCV
55,11,567.176,568.046,V,VCV
56,11,570.291,571.341,V,VCV
57,11,587.626,588.376,V,VCV
58,11,590.511,591.441,V,VCV
59,11,593.856,594.306,V,VCV
60,11,608.081,608.621,V,VCV
61,11,610.861,611.111,V,VCV
62,11,639.146,639.386,V,VCV
63,11,657.496,658.886,V,VCV
64,11,671.681,672.101,V,VCV
65,11,686.301,687.211,V,VCV
66,11,689.466,690.49,V,VCV
67,11,694.051,694.701,V,VCV
68,11,764.391,765.0,V,VCV
69,11,787.036,787.646,V,VCV
70,11,795.241,795.471,C,VCV
71,11,835.966,836.646,V,VCV
72,11,909.356,909.766,V,VCV
73,11,945.511,945.871,CV,VCV
74,11,946.981,947.151,V,VCV
75,11,964.666,965.126,V,VCV
76,11,968.186,969.646,V,VCV
77,11,974.226,974.636,V,VCV
78,11,982.751,983.251,V,VCV
79,11,984.231,984.941,V,VCV
80,11,992.196,992.656,V,VCV
81,11,993.606,994.096,V,VCV
82,11,1002.751,1004.001,CV,VCV
83,11,1008.126,1008.616,CV,VCV
84,11,1013.681,1014.221,V,VCV
85,11,1017.281,1017.761,V,VCV
86,11,1031.133,1031.421,CV,VCV
87,11,1040.863,1041.218,V,VCV
88,11,1044.279,1044.779,VCV,VCV
89,11,1070.806,1071.495,V,VCV
90,11,1073.307,1073.641,CV,VCV
91,11,1078.352,1079.141,V,VCV
92,11,1097.314,1098.147,CV,VCV
93,11,1104.95,1105.339,V,VCV
94,11,1230.95,1231.516,CV,VCV
95,11,1235.68,1236.591,V,VCV
96,11,1274.74,1275.052,V,VCV
97,11,1291.784,1292.44,CV,VCV
98,11,1303.183,1303.483,V,VCV
99,11,1306.155,1306.488,V,VCV
100,11,1306.999,1307.976,V,VCV
101,11,1346.564,1347.108,V,VCV
102,11,1378.524,1378.946,V,VCV
103,11,1385.915,1386.548,V,VCV
104,11,1411.356,1411.834,V,VCV
105,11,1438.482,1439.037,V,VCV
106,11,1485.496,1485.741,V,VCV
107,11,1512.277,1512.577,V,VCV
108,11,1528.51,1528.966,V,VCV
109,11,1532.065,1532.687,V,VCV
110,11,1553.656,1554.101,V,VCV
111,11,1555.022,1556.589,V,VCV
112,11,1557.292,1557.903,V,VCV
113,11,1565.467,1567.289,V,VCV
114,11,1615.406,1615.939,V,VCV
115,11,1631.006,1631.283,V,VCV
116,11,1634.604,1635.882,V,VCV
117,11,1639.085,1639.807,V,VCV
118,11,1756.156,1756.478,V,VCV
119,11,1777.338,1778.116,V,VCV
120,11,1787.411,1787.756,V,VCV
121,11,1789.347,1789.947,VC,VCV
122,11,1791.54,1791.822,V,VCV
123,11,1795.194,1795.812,V,VCV
124,11,1797.459,1798.168,V,VCV
125,11,1805.389,1806.026,V,VCV
0,27,617.901,618.541,V,VCV
1,27,656.081,656.301,V,VCV
2,27,665.951,666.551,V,VCV
3,27,669.091,669.511,V,VCV
4,27,679.801,680.231,V,VCV
5,27,687.356,687.616,V,VCV
6,27,689.396,689.576,V,VCV
7,27,701.776,702.306,V,VCV
8,27,707.421,708.051,V,VCV
9,27,716.396,716.736,V,VCV
10,27,759.286,760.126,CV,VCV
11,27,825.886,826.276,V,VCV
12,27,831.281,831.531,V,VCV
13,27,858.256,858.476,V,VCV
14,27,871.376,872.196,V,VCV
15,27,882.616,883.586,V,VCV
16,27,884.211,885.061,V,VCV
17,27,886.316,887.026,V,VCV
18,27,891.471,891.811,V,VCV
19,27,892.811,893.731,V,VCV
20,27,896.091,896.801,VC,VCV
21,27,902.896,903.156,V,VCV
22,27,920.796,921.816,CV,VCV
23,27,923.536,924.626,CV,VCV
24,27,932.081,932.911,V,VCV
25,27,935.366,936.506,V,VCV
26,27,937.086,938.266,VCVC,VCV
27,27,945.526,946.376,CVCV,VCV
28,27,947.271,947.771,CV,VCV
29,27,962.801,963.151,CV,VCV
30,27,965.436,965.716,CV,VCV
31,27,977.206,977.466,V,VCV
32,27,1046.286,1046.536,V,VCV
33,27,1050.281,1050.511,V,VCV
34,27,1051.266,1052.006,V,VCV
35,27,1053.586,1054.026,V,VCV
36,27,1096.346,1096.726,V,VCV
37,27,1099.266,1100.076,V,VCV
38,27,1113.961,1114.241,V,VCV
39,27,1184.051,1185.261,V,VCV
40,27,1236.326,1236.896,V,VCV
41,27,1238.351,1239.321,VCVC,VCV
42,27,1245.616,1246.806,VCV,VCV
43,27,1247.791,1248.411,V,VCV
44,27,1301.111,1301.851,V,VCV
45,27,1302.131,1302.911,V,VCV
46,27,1305.291,1305.521,V,VCV
47,27,1312.046,1312.286,V,VCV
48,27,1352.736,1354.156,V,VCV
49,27,1359.986,1360.416,V,VCV
50,27,1380.716,1384.026,V,VCV
51,27,1400.856,1401.456,CV,VCV
52,27,1402.226,1403.366,CV,VCV
53,27,1441.186,1441.656,V,VCV
54,27,1455.861,1456.111,V,VCV
55,27,1489.156,1490.186,VC,VCV
56,27,1506.051,1506.331,V,VCV
57,27,1528.501,1528.751,V,VCV
58,27,1529.806,1530.036,V,VCV
59,27,1535.581,1535.971,V,VCV
60,27,1557.496,1557.996,V,VCV
61,27,1681.826,1682.106,V,VCV
62,27,1711.686,1713.526,V,VCV
0,28,30.63,31.26,VC,VCV
1,28,38.535,38.905,V,VCV
2,28,46.42,46.77,V,VCV
3,28,61.145,61.575,V,VCV
4,28,110.27,110.65,V,VCV
5,28,133.65,134.68,V,VCV
6,28,140.015,140.915,V,VCV
7,28,145.575,147.195,V,VCV
8,28,163.305,165.365,V,VCV
9,28,169.595,171.115,V,VCV
10,28,178.365,179.075,V,VCV
11,28,182.26,183.11,V,VCV
12,28,183.915,184.165,V,VCV
13,28,207.79,209.66,CV,VCV
14,28,210.695,211.015,V,VCV
15,28,236.125,237.395,V,VCV
16,28,246.92,247.77,V,VCV
17,28,249.145,249.445,V,VCV
18,28,260.275,260.695,V,VCV
19,28,273.755,274.875,CVCV,VCV
20,28,282.585,285.81,CVCV,VCV
21,28,286.835,287.415,CV,VCV
22,28,288.805,291.77,CVCV,VCV
23,28,292.555,293.025,V,VCV
24,28,302.13,303.55,VCVC,VCV
25,28,305.22,305.79,V,VCV
26,28,327.465,327.86,CV,VCV
27,28,330.685,331.405,CVCV,VCV
28,28,332.315,332.935,CV,VCV
29,28,370.945,371.245,CV,VCV
30,28,378.065,378.485,CV,VCV
31,28,405.245,405.825,V,VCV
32,28,429.775,430.62,V,VCV
33,28,438.685,438.88,V,VCV
34,28,447.07,447.67,V,VCV
35,28,452.03,453.38,CV,VCV
36,28,470.495,470.745,V,VCV
37,28,471.97,472.53,CV,VCV
38,28,474.23,475.5,CVCV,VCV
39,28,476.415,476.695,CV,VCV
40,28,477.725,479.935,CVCV,VCV
41,28,480.91,481.57,CV,VCV
42,28,482.33,485.74,VCVC,VCV
43,28,489.88,490.38,VCV,VCV
44,28,490.89,492.43,CVCV,VCV
45,28,494.05,494.41,CV,VCV
46,28,505.46,505.77,V,VCV
47,28,508.635,509.385,CV,VCV
48,28,510.68,513.67,CVCV,VCV
49,28,514.795,517.835,CVCV,VCV
50,28,519.345,522.085,CVCV,VCV
51,28,532.485,536.67,CVCV,VCV
52,28,596.34,597.58,V,VCV
53,28,600.26,601.49,CVCV,VCV
54,28,609.505,611.125,V,VCV
55,28,622.685,623.215,V,VCV
56,28,630.91,631.33,V,VCV
57,28,632.3,632.86,V,VCV
58,28,636.71,637.12,V,VCV
59,28,652.685,653.355,CVCV,VCV
60,28,804.07,804.52,V,VCV
61,28,807.565,807.855,CV,VCV
62,28,808.64,808.9,CV,VCV
63,28,826.19,827.92,V,VCV
64,28,831.695,834.08,V,VCV
65,28,868.12,869.05,VCV,VCV
66,28,887.335,887.575,V,VCV
67,28,888.925,889.555,V,VCV
68,28,890.59,890.91,V,VCV
69,28,892.19,892.79,V,VCV
70,28,894.89,895.39,CV,VCV
71,28,903.95,904.81,V,VCV
72,28,935.95,939.58,V,VCV
73,28,954.79,955.41,V,VCV
74,28,958.6,959.48,V,VCV
75,28,960.11,960.91,V,VCV
76,28,962.2,962.51,CV,VCV
77,28,964.145,965.365,CVCV,VCV
78,28,966.655,967.175,CV,VCV
79,28,979.125,979.425,CV,VCV
80,28,986.295,989.565,V,VCV
81,28,1002.91,1003.28,CV,VCV
82,28,1051.255,1051.955,V,VCV
83,28,1074.775,1075.025,CV,VCV
84,28,1078.08,1078.87,CVCV,VCV
85,28,1080.215,1081.155,CVCV,VCV
86,28,1091.435,1091.785,V,VCV
87,28,1096.8,1097.76,CVCV,VCV
88,28,1101.65,1102.18,CV,VCV
89,28,1108.095,1108.105,,VCV
90,28,1108.105,1108.575,V,VCV
91,28,1203.6,1203.88,V,VCV
92,28,1265.69,1266.0,V,VCV
93,28,1318.125,1319.875,CVCV,VCV
94,28,1320.57,1321.98,CVCV,VCV
95,28,1321.98,1321.99,,VCV
96,28,1323.515,1323.855,V,VCV
97,28,1340.665,1342.855,VCVC,VCV
98,28,1344.72,1345.74,VCVC,VCV
99,28,1357.38,1358.16,CVC,VCV
100,28,1506.36,1506.72,V,VCV
101,28,1536.81,1537.0,V,VCV
102,28,1538.125,1539.415,VCVC,VCV
103,28,1551.88,1553.52,V,VCV
104,28,1561.01,1561.35,V,VCV
105,28,1561.71,1562.41,VCV,VCV
106,28,1566.59,1567.04,V,VCV
107,28,1573.885,1575.475,CVC,VCV
108,28,1578.01,1578.67,CV,VCV
109,28,1582.39,1584.19,CVCV,VCV
110,28,1587.26,1589.9,CVCV,VCV
111,28,1591.6,1597.65,CVCV,VCV
112,28,1601.49,1602.78,CVCV,VCV
113,28,1605.105,1605.785,CVCV,VCV
114,28,1606.765,1607.315,V,VCV
115,28,1608.5,1609.88,CVCV,VCV
116,28,1611.3,1612.79,CVCV,VCV
117,28,1620.685,1621.745,V,VCV
118,28,1622.235,1623.825,V,VCV
119,28,1669.8,1670.44,V,VCV
120,28,1686.42,1687.85,CVCV,VCV
121,28,1691.895,1696.97,VCVC,VCV
122,28,1703.865,1705.475,VCV,VCV
123,28,1708.82,1709.86,CV,VCV
124,28,1713.595,1713.865,V,VCV
125,28,1714.96,1715.87,VCV,VCV
126,28,1718.615,1721.485,CVCV,VCV
127,28,1724.7,1725.76,VCVC,VCV
128,28,1727.84,1731.45,V,VCV
129,28,1735.615,1736.195,V,VCV
130,28,1737.785,1737.975,V,VCV
131,28,1738.79,1741.23,V,VCV
132,28,1743.0,1744.87,V,VCV
133,28,1745.815,1746.075,V,VCV
134,28,1747.095,1747.365,CV,VCV
135,28,1748.79,1749.89,CV,VCV
136,28,1753.83,1756.17,V,VCV
137,28,1757.86,1759.01,V,VCV
138,28,1759.625,1761.065,VCVC,VCV
139,28,1762.895,1767.17,VCVC,VCV
140,28,1774.735,1776.265,CVCV,VCV
141,28,1777.94,1778.99,CVCV,VCV
142,28,1781.735,1782.385,V,VCV
143,28,1791.26,1791.94,V,VCV
144,28,1793.06,1794.35,V,VCV
145,28,1799.355,1800.375,V,VCV
146,28,1802.385,1803.436,CVCV,VCV
0,43,6.99,7.259,V,VCV
1,43,41.493,41.495,V,VCV
2,43,41.495,42.162,V,VCV
3,43,42.845,43.404,V,VCV
4,43,65.594,66.126,V,VCV
5,43,71.819,72.101,V,VCV
6,43,80.043,80.206,V,VCV
7,43,81.059,81.209,V,VCV
8,43,126.004,126.087,V,VCV
9,43,139.144,139.236,V,VCV
10,43,167.101,167.486,V,VCV
11,43,168.752,168.942,V,VCV
12,43,197.287,197.46,V,VCV
13,43,243.158,244.478,VCV,VCV
14,43,307.246,307.461,V,VCV
15,43,320.128,320.413,V,VCV
16,43,356.687,356.911,V,VCV
17,43,380.312,380.594,V,VCV
18,43,384.051,384.37,V,VCV
19,43,385.62,386.304,V,VCV
20,43,458.933,459.072,V,VCV
21,43,481.739,481.966,V,VCV
22,43,520.616,521.397,V,VCV
23,43,536.854,537.08,V,VCV
24,43,544.864,544.998,V,VCV
25,43,555.851,555.974,V,VCV
26,43,573.361,573.599,V,VCV
27,43,607.848,608.024,V,VCV
28,43,619.043,619.391,CV,VCV
29,43,621.919,622.794,V,VCV
30,43,626.727,628.263,V V,VCV
31,43,686.209,686.384,V,VCV
32,43,737.694,737.809,V,VCV
33,43,744.374,744.495,V,VCV
34,43,760.167,760.498,V,VCV
35,43,789.885,790.099,V,VCV
36,43,832.412,832.788,V,VCV
37,43,834.624,835.212,V,VCV
38,43,835.825,836.482,V,VCV
39,43,851.561,851.829,CVCV,VCV
40,43,919.585,919.789,V,VCV
41,43,951.037,951.199,V,VCV
42,43,965.146,965.374,V,VCV
43,43,974.736,974.993,V,VCV
44,43,975.607,975.859,V,VCV
45,43,1032.605,1032.705,V,VCV
46,43,1083.511,1083.681,CV,VCV
47,43,1096.279,1096.397,V,VCV
48,43,1114.028,1114.164,V,VCV
49,43,1114.953,1115.267,V,VCV
50,43,1164.983,1165.635,VCV,VCV
51,43,1188.194,1188.395,V,VCV
52,43,1224.05,1224.168,V,VCV
53,43,1244.204,1244.799,V,VCV
54,43,1281.512,1281.695,V,VCV
55,43,1283.133,1283.278,V,VCV
56,43,1306.202,1306.353,V,VCV
57,43,1306.831,1307.027,V,VCV
58,43,1353.187,1353.417,V,VCV
59,43,1366.426,1366.635,V,VCV
60,43,1396.768,1396.939,V,VCV
61,43,1406.677,1407.185,CVCV,VCV
62,43,1436.555,1436.626,V,VCV
63,43,1443.566,1443.781,V,VCV
64,43,1466.539,1466.769,V,VCV
65,43,1505.274,1505.504,V,VCV
66,43,1509.585,1509.832,V,VCV
67,43,1524.144,1524.603,V,VCV
68,43,1525.176,1525.414,V,VCV
69,43,1526.455,1526.714,V,VCV
70,43,1671.382,1672.059,V,VCV
71,43,1714.373,1714.559,V,VCV
72,43,1766.568,1766.839,V,VCV
73,43,1769.598,1770.271,V,VCV
74,43,1780.523,1780.767,V,VCV
0,47,20.17,20.63,VCV,VCV
1,47,21.41,21.74,V,VCV
2,47,41.425,41.745,CV,VCV
3,47,78.175,78.495,C,VCV
4,47,86.995,87.235,CV,VCV
5,47,99.195,99.575,VC,VCV
6,47,110.115,110.325,CV,VCV
7,47,112.62,113.51,V,VCV
8,47,127.745,129.035,VCV,VCV
9,47,144.06,147.35,VCVC,VCV
10,47,154.97,155.66,V ,VCV
11,47,188.74,190.17,VCVC,VCV
12,47,190.485,191.57,CVCV,VCV
13,47,191.875,192.775,C,VCV
14,47,204.435,204.855,V,VCV
15,47,256.415,257.445,VC,VCV
16,47,258.38,259.26,CVCV,VCV
17,47,259.995,261.175,VCV,VCV
18,47,278.975,279.245,V,VCV
19,47,280.82,281.2,V,VCV
20,47,282.25,283.43,VCV,VCV
21,47,284.81,285.85,VCVC,VCV
22,47,286.33,287.33,VCVC,VCV
23,47,287.77,288.49,VC,VCV
24,47,290.18,292.29,CV,VCV
25,47,298.555,299.84,VCVC,VCV
26,47,300.35,301.39,V,VCV
27,47,483.18,483.46,V,VCV
28,47,489.74,490.84,CVCV,VCV
29,47,519.92,520.3,V,VCV
30,47,522.2,522.61,CV,VCV
31,47,528.075,528.325,CV,VCV
32,47,537.65,539.24,VCVC,VCV
33,47,555.29,555.64,CV,VCV
34,47,560.115,560.375,V,VCV
35,47,572.835,573.335,CV ,VCV
36,47,574.55,575.75,CVCV,VCV
37,47,588.675,588.985,CV,VCV
38,47,589.53,590.32,V ,VCV
39,47,590.76,591.18,V,VCV
40,47,591.56,595.27,V,VCV
41,47,713.42,713.97,V,VCV
42,47,714.965,718.675,V,VCV
43,47,728.93,729.24,V,VCV
44,47,796.435,797.045,V,VCV
45,47,800.91,801.77,V,VCV
46,47,807.66,808.39,CVCV,VCV
47,47,912.04,914.82,VCVC,VCV
48,47,915.23,916.33,VC,VCV
49,47,920.04,921.02,V,VCV
50,47,954.96,956.19,CVCV,VCV
51,47,991.365,991.685,V,VCV
52,47,1010.095,1013.565,VCVC,VCV
53,47,1019.33,1019.78,V,VCV
54,47,1034.43,1035.15,CVC,VCV
55,47,1035.51,1036.34,CVCV,VCV
56,47,1036.895,1037.385,VC,VCV
57,47,1037.65,1039.77,CVCV,VCV
58,47,1107.22,1108.96,VCVC,VCV
59,47,1119.49,1120.09,CVCV,VCV
60,47,1120.82,1121.45,CVCV,VCV
61,47,1194.415,1195.1,CVC,VCV
62,47,1204.317,1205.127,CVC,VCV
63,47,1206.187,1206.777,CVC,VCV
64,47,1250.532,1251.182,CVCV,VCV
65,47,1252.707,1254.66,CVCV,VCV
66,47,1255.977,1256.817,CVCV,VCV
67,47,1257.137,1258.217,VCVC,VCV
68,47,1258.667,1259.507,VC,VCV
69,47,1260.757,1262.307,VCVC,VCV
70,47,1262.702,1263.652,V,VCV
71,47,1264.217,1264.667,CV,VCV
72,47,1265.862,1266.302,CV,VCV
73,47,1301.877,1302.806,VCV,VCV
74,47,1303.07,1304.013,VC,VCV
75,47,1315.11,1317.871,V,VCV
76,47,1318.182,1318.453,V,VCV
77,47,1359.716,1360.116,V,VCV
78,47,1384.512,1385.255,V,VCV
79,47,1386.253,1387.082,V,VCV
80,47,1388.027,1388.928,V,VCV
81,47,1390.319,1390.605,V,VCV
82,47,1398.25,1398.693,CV,VCV
83,47,1419.54,1419.912,V,VCV
84,47,1445.399,1447.256,CVCV,VCV
85,47,1447.739,1448.639,CVCV,VCV
86,47,1449.267,1449.853,CVCV,VCV
87,47,1450.165,1450.85,V,VCV
88,47,1451.438,1452.514,CVC,VCV
89,47,1458.863,1460.191,CVCV,VCV
90,47,1460.472,1463.485,V,VCV
91,47,1464.741,1467.384,CVCV,VCV
92,47,1467.798,1468.155,V,VCV
93,47,1469.328,1469.885,V,VCV
94,47,1470.94,1471.769,V,VCV
95,47,1475.69,1475.947,CVC,VCV
96,47,1476.856,1477.599,CVC,VCV
97,47,1478.412,1479.114,CVC,VCV
98,47,1480.192,1483.217,VC,VCV
99,47,1484.483,1485.841,V,VCV
100,47,1505.932,1506.574,CV,VCV
101,47,1507.482,1507.982,CV,VCV
102,47,1508.921,1509.293,V,VCV
103,47,1512.018,1514.789,CV,VCV
104,47,1525.74,1526.611,VC,VCV
105,47,1528.761,1529.361,V,VCV
106,47,1530.99,1531.89,CVCV,VCV
107,47,1532.23,1532.915,VC,VCV
108,47,1563.847,1564.475,CV,VCV
109,47,1577.607,1578.507,CVCV,VCV
110,47,1621.912,1622.441,VC,VCV
111,47,1623.047,1623.333,V,VCV
112,47,1625.548,1626.177,CVC,VCV
113,47,1651.278,1652.957,V,VCV
114,47,1667.714,1668.814,CVCV,VCV
115,47,1742.994,1745.966,VCVC,VCV
116,47,1762.885,1763.743,V,VCV
117,47,1767.583,1769.669,CVCV,VCV
118,47,1774.237,1774.894,CVCV,VCV
0,48,92.03,92.44,V,VCV
1,48,266.402,266.696,V,VCV
2,48,351.063,351.168,V,VCV
3,48,377.111,377.234,V,VCV
4,48,383.505,383.558,V,VCV
5,48,396.109,396.936,VCVC,VCV
6,48,406.31,406.848,VC,VCV
7,48,415.28,415.817,VCV,VCV
8,48,518.019,518.456,V,VCV
9,48,523.279,523.405,V,VCV
10,48,543.043,543.526,V,VCV
11,48,546.705,547.396,V,VCV
12,48,548.141,548.83,V,VCV
13,48,555.514,556.388,CV,VCV
14,48,556.7,557.146,V,VCV
15,48,570.002,570.29,V,VCV
16,48,700.201,700.478,V,VCV
17,48,701.786,702.001,V,VCV
18,48,711.979,712.282,CVCV,VCV
19,48,719.575,719.653,V,VCV
20,48,742.716,742.86,V,VCV
21,48,765.852,765.934,V,VCV
22,48,780.163,780.345,V,VCV
23,48,801.375,803.02,VC,VCV
24,48,803.597,803.778,V,VCV
25,48,804.309,804.785,V,VCV
26,48,806.274,807.613,V,VCV
27,48,808.069,809.031,VCVC,VCV
28,48,809.327,809.685,V,VCV
29,48,891.637,891.891,V,VCV
30,48,909.784,910.369,V,VCV
31,48,919.195,919.439,V,VCV
32,48,922.767,923.343,V,VCV
33,48,930.793,931.243,V,VCV
34,48,960.496,960.787,V,VCV
35,48,968.873,969.135,V,VCV
36,48,1021.937,1022.345,V,VCV
37,48,1024.547,1025.065,V,VCV
38,48,1025.308,1025.522,V,VCV
39,48,1027.934,1028.614,V,VCV
40,48,1029.997,1030.452,V,VCV
41,48,1031.706,1031.979,V,VCV
42,48,1032.247,1033.01,VCV,VCV
43,48,1033.747,1034.533,V,VCV
44,48,1051.41,1051.878,V,VCV
45,48,1053.388,1053.59,V,VCV
46,48,1054.084,1054.332,V,VCV
47,48,1064.675,1065.172,V,VCV
48,48,1156.613,1156.721,V,VCV
49,48,1158.535,1159.036,CVCV,VCV
50,48,1190.739,1192.127,VCVC,VCV
51,48,1262.742,1262.867,V,VCV
52,48,1263.448,1263.72,V,VCV
53,48,1323.535,1324.842,V,VCV
54,48,1325.667,1326.288,VCV,VCV
55,48,1331.154,1331.491,V,VCV
56,48,1340.004,1340.448,V,VCV
57,48,1343.708,1343.935,V,VCV
58,48,1344.939,1346.003,V,VCV
59,48,1347.248,1347.677,V,VCV
60,48,1372.682,1373.245,V,VCV
61,48,1379.364,1379.929,V,VCV
62,48,1380.737,1381.506,VCVC,VCV
63,48,1381.54,1381.872,V,VCV
64,48,1382.438,1383.824,VCVC,VCV
65,48,1387.376,1388.118,V,VCV
66,48,1392.634,1394.006,V,VCV
67,48,1394.622,1395.268,V,VCV
68,48,1399.392,1399.51,V,VCV
69,48,1400.362,1400.86,V,VCV
70,48,1402.541,1402.813,V,VCV
71,48,1403.535,1404.754,V,VCV
72,48,1405.499,1405.877,V,VCV
73,48,1414.193,1414.57,V,VCV
74,48,1414.963,1415.439,V,VCV
75,48,1415.877,1416.408,V,VCV
76,48,1416.589,1417.279,V,VCV
77,48,1421.148,1422.381,VCV,VCV
78,48,1424.504,1424.721,V,VCV
79,48,1426.792,1427.082,V,VCV
80,48,1428.177,1428.277,V,VCV
81,48,1438.744,1439.237,V,VCV
82,48,1440.083,1440.259,V,VCV
83,48,1443.368,1443.899,V,VCV
84,48,1457.217,1457.685,VCVC,VCV
85,48,1478.486,1478.998,VCV,VCV
86,48,1486.137,1486.555,V,VCV
87,48,1525.376,1526.443,V,VCV
88,48,1532.175,1532.669,V,VCV
89,48,1535.175,1536.042,VC,VCV
90,48,1536.57,1536.95,V,VCV
91,48,1550.326,1550.464,V,VCV
92,48,1574.888,1575.759,V,VCV
93,48,1578.435,1578.739,V,VCV
94,48,1591.239,1592.205,V,VCV
95,48,1608.651,1608.797,V,VCV
96,48,1609.583,1610.076,V,VCV
0,53,153.34,153.57,V,VCV
1,53,190.26,190.52,V,VCV
2,53,224.945,225.235,V,VCV
3,53,238.555,238.785,V,VCV
4,53,239.495,239.875,V,VCV
5,53,354.9,355.58,VCV,VCV
6,53,405.685,407.455,V,VCV
7,53,408.315,412.895,V,VCV
8,53,480.39,481.47,V,VCV
9,53,505.205,506.015,V,VCV
10,53,513.515,513.725,CV,VCV
11,53,531.375,532.105,V,VCV
12,53,536.215,537.735,V,VCV
13,53,541.53,542.79,V,VCV
14,53,544.355,545.605,V,VCV
15,53,560.435,561.085,V,VCV
16,53,569.725,570.425,V,VCV
17,53,574.9,575.34,V,VCV
18,53,578.455,579.075,V,VCV
19,53,585.41,585.78,CVC,VCV
20,53,586.5,586.9,V,VCV
21,53,590.315,592.255,V,VCV
22,53,599.23,601.24,V,VCV
23,53,629.115,630.285,V,VCV
24,53,631.36,635.33,VCV,VCV
25,53,637.27,640.22,V,VCV
26,53,657.55,658.96,V,VCV
27,53,672.4,673.4,V,VCV
28,53,698.015,698.335,V,VCV
29,53,704.02,704.29,V,VCV
30,53,741.72,742.31,V,VCV
31,53,748.03,750.47,V,VCV
32,53,754.245,754.985,V,VCV
33,53,758.7,761.34,V,VCV
34,53,806.89,807.246,V,VCV
35,53,810.276,810.536,V,VCV
36,53,869.871,871.62,V,VCV
37,53,873.076,874.786,V,VCV
38,53,875.106,876.736,V,VCV
39,53,878.296,881.176,V,VCV
40,53,881.731,883.261,V,VCV
41,53,957.953,958.753,V,VCV
42,53,963.104,963.437,CV,VCV
43,53,970.925,972.183,V,VCV
44,53,973.754,975.712,V,VCV
45,53,980.703,981.686,V,VCV
46,53,1117.45,1117.934,V,VCV
47,53,1232.061,1233.086,V,VCV
48,53,1253.784,1254.009,V,VCV
49,53,1257.929,1258.879,V,VCV
50,53,1259.491,1261.074,V,VCV
51,53,1267.26,1267.693,V,VCV
52,53,1351.64,1352.79,V,VCV
53,53,1354.145,1354.411,V,VCV
54,53,1377.665,1378.632,V,VCV
55,53,1379.285,1382.21,V,VCV
56,53,1397.66,1398.131,V,VCV
57,53,1417.084,1417.497,V,VCV
58,53,1434.094,1435.355,V,VCV
59,53,1446.727,1447.272,V,VCV
60,53,1451.743,1452.206,V,VCV
61,53,1452.669,1453.115,V,VCV
62,53,1454.469,1454.692,V,VCV
63,53,1462.926,1463.645,V,VCV
64,53,1464.206,1464.595,V,VCV
65,53,1474.386,1475.262,V,VCV
66,53,1475.712,1477.62,V,VCV
67,53,1478.315,1479.183,V,VCV
68,53,1480.068,1480.506,V,VCV
69,53,1496.967,1497.237,V,VCV
70,53,1498.183,1498.507,V,VCV
71,53,1499.237,1499.372,V,VCV
72,53,1523.793,1524.802,V,VCV
73,53,1586.387,1587.478,V,VCV
74,53,1621.221,1621.584,CV,VCV
75,53,1634.453,1635.321,V,VCV
76,53,1655.267,1655.604,V,VCV
77,53,1684.814,1685.567,V,VCV
78,53,1687.036,1687.303,V,VCV
79,53,1708.718,1708.975,V,VCV
80,53,1712.88,1714.276,V,VCV
81,53,1718.335,1719.029,V,VCV
82,53,1725.521,1726.086,V,VCV
83,53,1726.481,1726.758,CV,VCV
84,53,1727.722,1728.851,CVCV,VCV
85,53,1789.53,1790.703,V,VCV
86,53,1842.821,1844.163,V,VCV
87,53,1849.368,1849.81,V,VCV
88,53,1896.602,1898.381,V,VCV
89,53,1904.517,1905.462,V,VCV
0,59,58.836,59.166,V,VCV
1,59,76.771,77.121,CV,VCV
2,59,80.706,81.196,CV,VCV
3,59,150.511,150.701,V,VCV
4,59,158.376,158.576,V,VCV
5,59,159.626,159.826,V,VCV
6,59,270.206,270.386,V,VCV
7,59,318.286,318.616,CV,VCV
8,59,329.671,332.281,V,VCV
9,59,422.566,423.096,VCV,VCV
10,59,560.641,560.921,V,VCV
11,59,628.031,628.751,V,VCV
12,59,629.361,629.551,V,VCV
13,59,663.116,663.486,V,VCV
14,59,711.841,712.491,V,VCV
15,59,776.286,776.816,V,VCV
16,59,781.941,782.451,V,VCV
17,59,785.606,785.846,CV,VCV
18,59,791.506,792.756,CVCV,VCV
19,59,796.501,796.671,V,VCV
20,59,808.346,808.786,CV,VCV
21,59,809.576,809.966,CV,VCV
22,59,811.351,811.451,V,VCV
23,59,815.651,815.831,V,VCV
24,59,818.561,818.691,V,VCV
25,59,824.266,824.826,V,VCV
26,59,827.546,828.006,V,VCV
27,59,833.266,834.156,V,VCV
28,59,839.461,839.651,V,VCV
29,59,853.336,853.726,V,VCV
30,59,861.501,861.791,V,VCV
31,59,864.166,864.486,V,VCV
32,59,874.156,875.166,CVCV,VCV
33,59,887.761,888.261,V,VCV
34,59,891.146,891.766,CVCV,VCV
35,59,897.891,898.531,V,VCV
36,59,899.896,900.096,V,VCV
37,59,901.731,902.131,V,VCV
38,59,902.946,903.136,V,VCV
39,59,903.846,903.966,V,VCV
40,59,913.161,913.451,V,VCV
41,59,914.221,915.321,CVCV,VCV
42,59,915.916,916.596,VCV,VCV
43,59,921.051,921.651,V,VCV
44,59,931.666,931.736,V,VCV
45,59,937.066,937.816,V,VCV
46,59,951.186,951.486,V,VCV
47,59,960.311,960.841,V,VCV
48,59,962.701,963.391,V,VCV
49,59,967.211,968.111,V,VCV
50,59,969.846,970.426,V,VCV
51,59,975.621,976.421,VCV,VCV
52,59,978.146,978.626,CV,VCV
53,59,989.151,990.101,CV,VCV
54,59,991.011,991.531,CV,VCV
55,59,995.366,996.366,V,VCV
56,59,1001.641,1004.531,VCVC,VCV
57,59,1033.311,1034.481,V,VCV
58,59,1036.261,1039.311,V,VCV
59,59,1043.011,1045.521,V,VCV
60,59,1050.401,1050.891,V,VCV
61,59,1070.151,1070.501,V,VCV
62,59,1186.471,1188.741,VCVC,VCV
63,59,1258.331,1258.641,V,VCV
64,59,1262.451,1262.641,V,VCV
65,59,1277.151,1277.751,CVCV,VCV
66,59,1294.606,1297.166,VCV,VCV
67,59,1308.216,1309.226,V,VCV
68,59,1311.296,1312.076,V,VCV
69,59,1313.171,1313.411,V,VCV
70,59,1313.996,1314.116,V,VCV
71,59,1336.061,1337.391,V,VCV
72,59,1338.941,1339.551,V,VCV
73,59,1414.311,1415.531,V,VCV
74,59,1416.106,1416.376,V,VCV
75,59,1417.496,1418.386,V,VCV
76,59,1419.346,1419.886,V,VCV
77,59,1420.231,1420.621,V,VCV
78,59,1436.341,1437.011,V,VCV
79,59,1437.271,1437.721,V,VCV
80,59,1437.981,1438.371,V,VCV
81,59,1438.641,1439.051,V,VCV
82,59,1440.401,1440.851,V,VCV
83,59,1441.161,1441.731,V,VCV
84,59,1442.071,1442.421,V,VCV
85,59,1448.151,1448.271,V,VCV
86,59,1454.886,1455.756,V,VCV
87,59,1456.126,1456.546,V,VCV
88,59,1457.071,1457.541,CVC,VCV
89,59,1457.971,1458.441,CVC,VCV
0,64,51.41,51.67,V,VCV
1,64,55.95,56.32,V,VCV
2,64,167.785,168.675,V,VCV
3,64,285.25,286.2,V,VCV
4,64,297.335,297.765,V,VCV
5,64,386.95,389.11,V,VCV
6,64,440.34,440.77,V,VCV
7,64,478.965,479.605,CV,VCV
8,64,535.745,538.955,CVCV,VCV
9,64,542.92,543.61,V,VCV
10,64,555.325,556.135,V,VCV
11,64,597.1,597.59,V,VCV
12,64,617.185,617.525,CV,VCV
13,64,624.995,625.215,V,VCV
14,64,647.815,649.065,CVC,VCV
15,64,657.58,657.83,V,VCV
16,64,686.315,686.96,V,VCV
17,64,707.89,708.42,V,VCV
18,64,714.325,715.225,V,VCV
19,64,725.245,725.595,V,VCV
20,64,746.2,746.59,VC,VCV
21,64,749.115,750.27,VCV,VCV
22,64,751.032,751.442,V,VCV
23,64,818.867,820.227,CV,VCV
24,64,827.447,827.867,V,VCV
25,64,850.727,851.657,VC,VCV
26,64,852.252,852.722,VC,VCV
27,64,854.837,855.427,VC,VCV
28,64,866.412,866.582,V,VCV
29,64,869.047,869.447,V,VCV
30,64,871.477,872.077,V,VCV
31,64,875.967,877.847,V,VCV
32,64,880.537,881.337,V,VCV
33,64,887.587,888.837,V,VCV
34,64,893.722,894.792,VCV,VCV
35,64,895.237,896.207,VCVC,VCV
36,64,896.702,897.702,V,VCV
37,64,898.072,898.662,V,VCV
38,64,899.577,901.887,V,VCV
39,64,902.892,904.02,V,VCV
40,64,916.172,917.862,V,VCV
41,64,923.797,924.727,V,VCV
42,64,930.932,932.092,VC,VCV
43,64,971.972,972.312,V,VCV
44,64,1012.172,1013.012,V,VCV
45,64,1013.772,1014.132,V,VCV
46,64,1019.152,1020.152,V,VCV
47,64,1051.502,1052.162,VCV,VCV
48,64,1068.002,1068.182,V,VCV
49,64,1073.862,1074.432,CV,VCV
50,64,1076.257,1076.847,V,VCV
51,64,1088.252,1089.012,CV,VCV
52,64,1092.842,1093.482,V,VCV
53,64,1103.192,1103.682,V,VCV
54,64,1121.752,1122.182,V,VCV
55,64,1122.707,1122.957,CVC,VCV
56,64,1146.212,1146.682,CV,VCV
57,64,1148.002,1148.722,CVCV,VCV
58,64,1175.202,1175.412,V,VCV
59,64,1180.907,1181.217,V,VCV
60,64,1192.712,1193.112,V,VCV
61,64,1237.448,1237.775,V,VCV
62,64,1239.121,1239.285,V,VCV
63,64,1240.209,1240.391,CV,VCV
64,64,1241.434,1242.452,CVCV,VCV
65,64,1255.214,1255.633,V,VCV
66,64,1256.77,1257.561,CV,VCV
67,64,1287.575,1288.375,V,VCV
68,64,1291.376,1291.549,V,VCV
69,64,1291.799,1292.162,V,VCV
70,64,1299.314,1299.814,V,VCV
71,64,1300.392,1300.646,V,VCV
72,64,1309.742,1310.123,V,VCV
73,64,1316.012,1316.34,V,VCV
74,64,1316.885,1318.285,V,VCV
75,64,1321.093,1322.636,V,VCV
76,64,1329.513,1330.118,V,VCV
77,64,1333.209,1334.472,V,VCV
78,64,1404.425,1404.771,V,VCV
79,64,1437.377,1437.868,V,VCV
80,64,1489.353,1489.526,V,VCV
81,64,1515.811,1516.038,V,VCV
82,64,1527.425,1527.725,V,VCV
83,64,1533.748,1534.03,V,VCV
84,64,1547.521,1547.83,V,VCV
85,64,1553.586,1553.859,V,VCV
86,64,1554.461,1555.188,V,VCV
87,64,1555.499,1555.926,V,VCV
88,64,1557.112,1557.949,V,VCV
89,64,1579.857,1580.112,V,VCV
90,64,1595.911,1596.345,V,VCV
91,64,1597.899,1598.99,V,VCV
92,64,1665.114,1665.432,V,VCV
93,64,1684.765,1685.083,V,VCV
94,64,1715.15,1715.368,V,VCV
95,64,1739.773,1740.255,V,VCV
96,64,1775.106,1775.597,V,VCV
97,64,1780.576,1780.84,V,VCV
0,71,24.8,25.07,V,VCV
1,71,55.97,56.17,V,VCV
2,71,58.68,58.83,V,VCV
3,71,75.895,76.765,V,VCV
4,71,78.37,78.5,V,VCV
5,71,83.995,84.375,V,VCV
6,71,85.885,86.025,V,VCV
7,71,88.645,88.835,V,VCV
8,71,90.2,90.33,V,VCV
9,71,97.595,97.855,C,VCV
10,71,98.865,99.035,V,VCV
11,71,118.71,118.91,V,VCV
12,71,119.78,119.91,V,VCV
13,71,128.935,129.315,V,VCV
14,71,134.045,134.395,VC,VCV
15,71,211.244,211.564,V,VCV
16,71,221.414,221.554,V,VCV
17,71,229.584,230.164,V,VCV
18,71,238.594,238.884,V,VCV
19,71,239.359,239.879,V,VCV
20,71,240.329,240.579,V,VCV
21,71,266.224,266.404,V,VCV
22,71,268.604,268.724,V,VCV
23,71,280.834,281.164,V,VCV
24,71,281.949,282.329,V,VCV
25,71,282.969,283.239,V,VCV
26,71,296.884,297.224,V,VCV
27,71,305.064,305.254,VC,VCV
28,71,319.359,319.809,VCV,VCV
29,71,334.284,334.444,V,VCV
30,71,335.054,338.914,VCVC,VCV
31,71,356.28,356.68,V,VCV
32,71,380.24,380.63,V,VCV
33,71,381.935,382.145,V,VCV
34,71,401.11,402.23,VCVC,VCV
35,71,402.77,403.8,CVC,VCV
36,71,418.705,419.185,V,VCV
37,71,441.535,441.755,V,VCV
38,71,458.485,459.155,V,VCV
39,71,459.73,460.78,V,VCV
40,71,463.025,464.965,VCVC,VCV
41,71,475.635,475.845,V,VCV
42,71,484.22,484.35,V,VCV
43,71,492.635,492.955,V,VCV
44,71,495.835,496.215,V,VCV
45,71,497.695,497.955,V,VCV
46,71,504.505,504.685,V,VCV
47,71,539.395,539.665,V,VCV
48,71,551.73,551.87,V,VCV
49,71,553.59,553.99,V,VCV
50,71,563.92,564.15,V,VCV
51,71,564.675,565.185,V,VCV
52,71,565.75,565.99,V,VCV
53,71,572.54,572.68,V,VCV
54,71,573.52,574.0,V,VCV
55,71,583.22,583.77,V,VCV
56,71,628.405,628.585,CV,VCV
57,71,636.675,637.045,V,VCV
58,71,677.78,677.95,V,VCV
59,71,680.445,681.115,VCV,VCV
60,71,729.58,729.94,V,VCV
61,71,739.82,740.44,V,VCV
62,71,740.7,741.27,V,VCV
63,71,777.105,777.525,V,VCV
64,71,784.095,784.715,V,VCV
65,71,792.595,792.875,V,VCV
66,71,798.575,799.155,V,VCV
67,71,828.185,829.125,CV,VCV
68,71,830.865,831.045,V,VCV
69,71,833.395,833.625,V,VCV
70,71,852.91,853.68,V,VCV
71,71,865.315,865.455,V,VCV
72,71,866.985,867.335,V,VCV
73,71,867.75,868.02,V,VCV
74,71,875.285,875.875,V,VCV
75,71,926.44,926.59,V,VCV
76,71,927.745,928.265,V,VCV
77,71,930.635,930.755,V,VCV
78,71,931.575,931.935,V,VCV
79,71,943.845,944.025,V,VCV
80,71,1004.375,1004.565,V,VCV
81,71,1107.18,1107.4,V,VCV
82,71,1118.43,1118.72,V,VCV
83,71,1123.465,1123.645,V,VCV
84,71,1142.425,1142.605,V,VCV
85,71,1145.595,1145.685,V,VCV
86,71,1149.19,1150.16,V,VCV
87,71,1151.725,1151.915,V,VCV
88,71,1158.5,1158.66,V,VCV
89,71,1159.27,1159.65,V,VCV
90,71,1160.34,1161.2,V,VCV
91,71,1161.65,1161.8,V,VCV
92,71,1188.309,1188.38,V,VCV
93,71,1189.831,1190.158,CVC,VCV
94,71,1191.084,1191.225,CV,VCV
95,71,1191.914,1193.612,VCVC,VCV
96,71,1197.36,1197.435,V,VCV
97,71,1198.802,1198.997,V,VCV
98,71,1202.402,1202.517,V,VCV
99,71,1214.999,1215.462,V,VCV
100,71,1217.975,1218.158,V,VCV
101,71,1218.495,1219.005,CV,VCV
102,71,1219.503,1220.008,VCV,VCV
103,71,1228.761,1228.983,V,VCV
104,71,1229.668,1229.993,V,VCV
105,71,1245.743,1245.825,V,VCV
106,71,1248.272,1248.91,V,VCV
107,71,1249.444,1251.134,V,VCV
108,71,1253.163,1253.487,V,VCV
109,71,1253.966,1256.284,VCVC,VCV
110,71,1281.098,1281.561,V,VCV
111,71,1287.711,1287.878,V,VCV
112,71,1291.868,1292.905,V,VCV
113,71,1296.911,1297.503,V,VCV
114,71,1313.798,1314.78,V,VCV
115,71,1318.309,1319.587,VCV,VCV
116,71,1340.661,1341.241,VC,VCV
117,71,1341.645,1341.967,V,VCV
118,71,1342.467,1344.0,V,VCV
119,71,1344.983,1345.257,V,VCV
120,71,1350.906,1352.379,CV,VCV
121,71,1352.666,1353.218,V,VCV
122,71,1386.044,1386.315,V,VCV
123,71,1387.225,1387.285,V,VCV
124,71,1388.045,1388.504,V,VCV
125,71,1419.884,1419.987,V,VCV
126,71,1458.465,1458.699,V,VCV
127,71,1459.363,1459.554,V,VCV
128,71,1481.099,1481.256,V,VCV
129,71,1517.513,1519.513,VCV,VCV
130,71,1519.655,1520.642,VCV,VCV
131,71,1520.642,1520.675,VCV,VCV
132,71,1521.603,1521.792,V,VCV
133,71,1522.13,1522.549,V,VCV
134,71,1530.432,1531.013,VCV,VCV
135,71,1533.953,1535.007,VCV,VCV
136,71,1535.426,1536.737,CVCV,VCV
137,71,1537.33,1538.113,CVCV,VCV
138,71,1538.69,1539.758,CVCV,VCV
139,71,1544.338,1544.54,V,VCV
140,71,1545.767,1546.199,V,VCV
141,71,1549.758,1550.271,V,VCV
142,71,1550.551,1550.834,V,VCV
143,71,1551.273,1551.436,V,VCV
144,71,1552.408,1552.827,V,VCV
145,71,1561.339,1561.623,V,VCV
146,71,1569.023,1569.411,V,VCV
147,71,1569.99,1570.151,V,VCV
148,71,1577.256,1577.462,V,VCV
149,71,1578.068,1578.271,CVCV,VCV
150,71,1590.399,1591.204,V,VCV
151,71,1610.177,1610.811,V,VCV
152,71,1611.573,1612.036,CV,VCV
153,71,1612.728,1613.447,CVCV,VCV
154,71,1613.93,1614.173,CV,VCV
155,71,1615.993,1617.554,V,VCV
156,71,1625.018,1625.36,V,VCV
157,71,1630.239,1630.739,V,VCV
158,71,1652.998,1653.206,V,VCV
159,71,1662.715,1662.99,V,VCV
160,71,1664.116,1664.443,V,VCV
161,71,1675.946,1676.019,V,VCV
162,71,1683.67,1683.937,V,VCV
163,71,1685.914,1686.459,V,VCV
164,71,1687.254,1689.611,V,VCV
165,71,1690.295,1690.989,V,VCV
166,71,1693.074,1693.432,V,VCV
167,71,1695.665,1695.797,V,VCV
168,71,1696.292,1696.567,V,VCV
169,71,1698.917,1699.886,V,VCV
170,71,1700.605,1700.85,V,VCV
171,71,1701.196,1701.492,V,VCV
172,71,1706.858,1707.267,V,VCV
173,71,1707.572,1708.837,V,VCV
174,71,1711.008,1711.334,V,VCV
175,71,1712.51,1712.785,V,VCV
176,71,1722.864,1723.068,V,VCV
177,71,1730.874,1731.15,V,VCV
178,71,1736.339,1736.665,V,VCV
179,71,1738.018,1738.477,VCV,VCV
180,71,1741.648,1743.76,VCVC,VCV
181,71,1748.179,1749.598,VCVC,VCV
182,71,1749.949,1750.929,VCVC,VCV
183,71,1754.592,1754.807,V,VCV
184,71,1761.42,1761.594,V,VCV
185,71,1762.866,1763.04,V,VCV
186,71,1767.219,1767.679,V,VCV
187,71,1768.755,1769.459,V,VCV
188,71,1770.656,1770.952,V,VCV
189,71,1773.798,1774.012,V,VCV
190,71,1776.266,1776.429,V,VCV
191,71,1778.212,1779.212,V,VCV
192,71,1781.429,1781.919,V,VCV
193,71,1785.278,1785.493,V,VCV
194,71,1786.86,1787.39,V,VCV
195,71,1787.788,1789.053,V,VCV
196,71,1797.901,1798.371,V,VCV
197,71,1802.954,1803.199,V,VCV
198,71,1805.04,1805.213,V,VCV
0,72,30.14,30.72,V,VCV
1,72,31.25,31.82,VCV,VCV
2,72,61.965,62.375,CV,VCV
3,72,68.1,68.31,V,VCV
4,72,88.645,88.885,V,VCV
5,72,89.965,90.595,V,VCV
6,72,106.83,107.01,CV,VCV
7,72,107.91,108.36,CVCV,VCV
8,72,108.985,109.275,CV,VCV
9,72,111.95,112.15,V,VCV
10,72,121.48,121.91,CVCV,VCV
11,72,130.76,131.075,CV,VCV
12,72,134.695,135.285,V,VCV
13,72,168.31,168.85,VCV,VCV
14,72,244.45,244.83,V,VCV
15,72,246.04,246.3,C,VCV
16,72,251.82,252.51,VCV,VCV
17,72,260.5,261.01,VCV,VCV
18,72,275.405,275.725,V,VCV
19,72,278.205,278.755,V,VCV
20,72,279.2,279.92,V,VCV
21,72,303.21,304.65,VCVC,VCV
22,72,337.28,337.71,CV,VCV
23,72,352.715,353.005,CV,VCV
24,72,361.57,361.93,V,VCV
25,72,368.975,369.765,V,VCV
26,72,388.85,389.58,VCV,VCV
27,72,391.07,391.76,VCV,VCV
28,72,400.825,401.115,CV,VCV
29,72,407.124,407.649,VCV,VCV
30,72,419.711,420.511,CVC,VCV
31,72,430.236,430.573,V,VCV
32,72,432.937,433.466,CVCV,VCV
33,72,441.147,441.697,CVCV,VCV
34,72,442.209,443.197,,VCV
35,72,483.109,483.684,V,VCV
36,72,484.371,485.221,V,VCV
37,72,510.546,511.233,CVCV,VCV
38,72,514.276,514.964,V,VCV
39,72,529.57,529.975,CV,VCV
40,72,549.007,550.982,V,VCV
41,72,649.394,649.631,V,VCV
42,72,651.149,653.237,V,VCV
43,72,675.88,676.693,V,VCV
44,72,677.061,677.623,V,VCV
45,72,688.679,689.192,V,VCV
46,72,715.75,717.15,CVCV,VCV
47,72,723.212,723.512,CV,VCV
48,72,820.338,821.638,V,VCV
49,72,832.575,833.225,V,VCV
50,72,833.727,834.099,V,VCV
51,72,837.766,838.2,C,VCV
52,72,899.243,899.893,VCV,VCV
53,72,936.843,936.86,,VCV
54,72,936.86,937.393,CV,VCV
55,72,1011.526,1012.026,CV,VCV
56,72,1056.558,1057.358,CV,VCV
57,72,1081.581,1081.998,CV,VCV
58,72,1188.179,1188.679,CV,VCV
59,72,1189.212,1189.995,VCV,VCV
60,72,1224.021,1224.421,V,VCV
61,72,1237.551,1237.967,V,VCV
62,72,1239.307,1240.873,V,VCV
63,72,1261.289,1261.656,CV,VCV
64,72,1276.158,1277.892,V,VCV
65,72,1284.794,1285.344,CV,VCV
66,72,1303.7,1303.984,V,VCV
67,72,1304.917,1305.317,V,VCV
68,72,1314.911,1317.761,V,VCV
69,72,1318.639,1320.239,V,VCV
70,72,1326.6,1327.517,CVCV,VCV
71,72,1351.325,1353.159,VCVC,VCV
72,72,1354.381,1354.814,VC,VCV
73,72,1387.725,1389.725,V,VCV
74,72,1389.991,1392.483,V,VCV
75,72,1393.673,1394.373,VC,VCV
76,72,1396.031,1396.614,V,VCV
77,72,1397.279,1398.196,V,VCV
78,72,1465.963,1466.629,V,VCV
79,72,1469.619,1470.102,V,VCV
80,72,1478.86,1480.266,V,VCV
81,72,1501.412,1502.762,VCV,VCV
82,72,1503.256,1503.89,VCV,VCV
83,72,1555.146,1557.363,V,VCV
84,72,1581.087,1581.354,V,VCV
85,72,1636.74,1637.24,VCV,VCV
86,72,1688.432,1689.065,CV,VCV
87,72,1702.452,1703.019,V,VCV
88,72,1715.476,1716.609,V,VCV
89,72,1741.636,1742.433,V,VCV
90,72,1742.702,1743.735,VCVC,VCV
91,72,1751.715,1752.065,V,VCV
92,72,1775.933,1776.883,V,VCV
93,72,1778.265,1778.832,VC,VCV
94,72,1780.067,1780.334,V,VCV
95,72,1780.842,1781.309,V,VCV
96,72,1782.841,1783.908,VCV,VCV
0,74,601.77,601.95,V,VCV
1,74,602.97,603.12,CV,VCV
2,74,623.375,623.705,CVCV,VCV
3,74,626.4,626.57,CV,VCV
4,74,646.675,647.025,V,VCV
5,74,663.74,664.28,V,VCV
6,74,670.24,670.38,V,VCV
7,74,672.94,673.09,CV,VCV
8,74,680.875,681.435,VCV,VCV
9,74,690.055,690.465,CV,VCV
10,74,692.33,693.01,VCV,VCV
11,74,693.77,694.31,VC,VCV
12,74,712.29,713.13,VCVC,VCV
13,74,740.973,741.533,V,VCV
14,74,751.922,751.993,CV,VCV
15,74,759.591,759.946,CV,VCV
16,74,763.255,763.487,V,VCV
17,74,764.994,766.255,VC,VCV
18,74,775.602,776.25,V,VCV
19,74,776.931,778.914,VCVC,VCV
20,74,782.898,784.194,VCVC,VCV
21,74,794.968,795.511,CVCV,VCV
22,74,800.489,801.785,VCV,VCV
23,74,815.019,815.719,VCVC,VCV
24,74,826.342,826.663,V,VCV
25,74,827.498,827.646,V,VCV
26,74,865.93,866.0,V,VCV
27,74,867.081,867.155,V,VCV
28,74,868.506,868.849,V,VCV
29,74,891.238,891.573,CV,VCV
30,74,910.135,910.501,VCV,VCV
31,74,912.744,912.988,VCV,VCV
32,74,914.045,914.584,VCV,VCV
33,74,915.845,916.062,V,VCV
34,74,916.806,916.971,CV,VCV
35,74,920.741,921.202,CV,VCV
36,74,926.848,927.139,V,VCV
37,74,931.029,931.22,V,VCV
38,74,933.44,933.667,CV,VCV
39,74,936.927,937.184,CV,VCV
40,74,938.544,939.522,CVCV,VCV
41,74,945.633,945.728,V,VCV
42,74,952.127,952.242,V,VCV
43,74,955.648,955.904,CV,VCV
44,74,958.098,959.498,VCV,VCV
45,74,961.577,961.917,CV,VCV
46,74,977.142,977.642,VCV,VCV
47,74,983.386,984.006,CVCV,VCV
48,74,1010.875,1012.155,CVCV,VCV
49,74,1012.675,1013.435,VCV,VCV
50,74,1015.366,1016.126,VCVC,VCV
51,74,1019.986,1021.146,V,VCV
52,74,1023.066,1023.886,CVCV,VCV
53,74,1027.032,1027.672,V,VCV
54,74,1028.512,1028.912,VCV,VCV
55,74,1032.699,1033.499,V,VCV
56,74,1047.987,1048.947,CVCV,VCV
57,74,1051.987,1052.407,V,VCV
58,74,1079.237,1081.237,V,VCV
59,74,1293.42,1294.06,V,VCV
60,74,1297.86,1298.02,V,VCV
61,74,1322.226,1323.546,VCV,VCV
62,74,1438.062,1438.442,V,VCV
63,74,1466.81,1466.95,V,VCV
64,74,1476.781,1476.961,V,VCV
65,74,1477.789,1478.089,V,VCV
66,74,1527.913,1528.761,V,VCV
67,74,1536.354,1536.746,CV,VCV
68,74,1542.659,1542.77,V,VCV
69,74,1552.117,1552.813,V,VCV
70,74,1553.53,1555.151,VCV,VCV
71,74,1563.139,1564.66,V,VCV
72,74,1570.443,1570.67,CV,VCV
73,74,1597.268,1597.408,V,VCV
74,74,1605.451,1605.515,CV,VCV
75,74,1624.113,1624.452,V,VCV
76,74,1632.363,1632.51,V,VCV
77,74,1633.561,1633.632,V,VCV
78,74,1637.184,1637.375,V,VCV
79,74,1657.326,1658.103,CVCV,VCV
80,74,1682.497,1682.692,V,VCV
81,74,1685.197,1685.357,CV,VCV
82,74,1687.507,1687.662,CV,VCV
83,74,1694.675,1694.783,V,VCV
84,74,1716.62,1718.035,VCVC,VCV
85,74,1751.607,1751.679,V,VCV
86,74,1772.141,1773.026,V,VCV
87,74,1773.493,1774.254,V,VCV
88,74,1778.382,1778.566,V,VCV
89,74,1788.599,1789.037,V,VCV
90,74,1792.951,1793.214,V,VCV
91,74,1795.884,1797.394,CV,VCV
92,74,1800.778,1801.602,VCV,VCV
93,74,1802.353,1803.552,VCVC,VCV
94,74,1804.62,1805.987,V,VCV
95,74,1806.608,1807.412,VC,VCV
96,74,1808.858,1809.755,V,VCV
0,75,668.09,669.33,V,VCV
1,75,753.455,753.855,V,VCV
2,75,770.745,771.025,V,VCV
3,75,843.615,844.195,V,VCV
4,75,847.445,847.775,V,VCV
5,75,854.17,854.48,V,VCV
6,75,873.305,873.775,CV,VCV
7,75,892.36,892.85,V,VCV
8,75,897.695,898.715,V,VCV
9,75,909.115,910.555,V,VCV
10,75,910.805,912.43,V,VCV
11,75,923.825,924.875,V,VCV
12,75,970.44,970.81,V,VCV
13,75,1018.335,1020.335,V,VCV
14,75,1039.575,1040.135,CV,VCV
15,75,1135.855,1136.145,V,VCV
16,75,1223.32,1223.94,VCV,VCV
17,75,1484.6,1485.3,CVCV,VCV
18,75,1497.85,1498.92,V,VCV
19,75,1544.495,1545.095,V,VCV
20,75,1559.405,1559.955,VC,VCV
21,75,1663.4,1664.19,CVCV,VCV
22,75,1666.825,1667.525,CVCV,VCV
23,75,1673.82,1675.415,CVCV,VCV
24,75,1762.23,1762.62,V,VCV
25,75,1763.705,1763.935,V,VCV
26,75,1773.97,1774.42,V,VCV
27,75,1788.495,1789.015,V,VCV
28,75,1798.225,1798.965,V,VCV
29,75,1801.075,1803.375,V,VCV
0,76,834.173,834.355,V,VCV
1,76,919.484,919.559,V,VCV
2,76,924.944,925.054,V,VCV
3,76,1059.845,1060.307,V,VCV
4,76,1063.394,1064.058,V,VCV
5,76,1075.853,1077.3,VCVC,VCV
6,76,1081.219,1081.366,V,VCV
7,76,1117.547,1118.456,V,VCV
8,76,1227.74,1227.989,V,VCV
9,76,1230.539,1231.345,V,VCV
10,76,1301.136,1301.141,V,VCV
11,76,1301.141,1302.064,V,VCV
12,76,1302.851,1303.587,V,VCV
13,76,1305.288,1306.203,V,VCV
14,76,1306.735,1307.264,V,VCV
15,76,1307.913,1308.364,V,VCV
16,76,1309.262,1309.621,V,VCV
17,76,1310.662,1311.267,V,VCV
18,76,1312.167,1312.843,V,VCV
19,76,1313.746,1314.402,V,VCV
20,76,1315.055,1315.557,V,VCV
21,76,1316.194,1316.281,V,VCV
22,76,1316.664,1316.838,V,VCV
23,76,1317.032,1317.257,V,VCV
24,76,1317.879,1318.697,V,VCV
25,76,1319.373,1320.294,V,VCV
26,76,1347.828,1348.777,V,VCV
27,76,1376.561,1376.767,V,VCV
28,76,1388.657,1389.385,V,VCV
29,76,1399.775,1400.463,V,VCV
30,76,1402.76,1403.542,V,VCV
31,76,1436.85,1437.067,V,VCV
32,76,1437.306,1437.654,V,VCV
33,76,1459.941,1461.198,V,VCV
34,76,1477.636,1477.746,V,VCV
35,76,1477.873,1478.031,V,VCV
36,76,1485.58,1485.837,V,VCV
37,76,1489.315,1489.553,V,VCV
38,76,1682.724,1684.282,VCV,VCV
39,76,1798.95,1800.076,V,VCV
40,76,1802.374,1803.45,V,VCV
41,76,1803.731,1803.854,V,VCV
0,85,602.08,603.83,V,VCV
1,85,620.865,621.625,V,VCV
2,85,622.345,622.915,V,VCV
3,85,632.6,634.711,CVC,VCV
4,85,643.946,645.313,VCVC,VCV
5,85,645.737,646.059,V,VCV
6,85,646.652,647.386,C,VCV
7,85,780.811,783.8,VCVC,VCV
8,85,784.555,787.077,CVCV,VCV
9,85,787.479,787.934,CV,VCV
10,85,795.235,795.468,V,VCV
11,85,798.569,799.524,C,VCV
12,85,800.246,801.079,C,VCV
13,85,841.713,842.102,VC,VCV
14,85,842.947,846.369,CV,VCV
15,85,850.347,851.07,C,VCV
16,85,852.402,853.069,CVC,VCV
17,85,858.54,859.788,CVC,VCV
18,85,860.385,861.273,C,VCV
19,85,861.684,862.851,V,VCV
20,85,879.844,881.255,VC,VCV
21,85,889.603,891.314,VC,VCV
22,85,894.983,895.766,CV,VCV
23,85,896.361,897.406,VCVC,VCV
24,85,897.857,898.524,CV,VCV
25,85,898.843,899.754,VC,VCV
26,85,900.74,901.428,VCV,VCV
27,85,958.684,960.04,V,VCV
28,85,961.084,961.506,V,VCV
29,85,962.025,962.981,CVCV,VCV
30,85,963.422,964.477,C,VCV
31,85,964.803,965.77,V,VCV
32,85,966.295,967.373,V,VCV
33,85,968.753,969.253,V,VCV
34,85,969.792,970.125,V,VCV
35,85,1011.08,1011.446,CV,VCV
36,85,1045.368,1045.646,V,VCV
37,85,1053.541,1054.608,V,VCV
38,85,1055.171,1055.704,CV,VCV
39,85,1056.191,1056.935,V,VCV
40,85,1057.273,1057.817,VC,VCV
41,85,1058.276,1059.043,VC,VCV
42,85,1059.469,1060.391,C,VCV
43,85,1061.15,1062.6,C,VCV
44,85,1062.827,1063.504,CVCV,VCV
45,85,1064.02,1064.332,CV,VCV
46,85,1064.598,1065.365,V,VCV
47,85,1089.428,1090.672,VC,VCV
48,85,1091.338,1092.104,CV,VCV
49,85,1101.39,1102.846,V,VCV
50,85,1124.84,1125.573,V,VCV
51,85,1126.017,1127.639,V,VCV
52,85,1166.682,1166.96,V,VCV
53,85,1170.821,1171.976,V,VCV
54,85,1172.386,1174.686,V,VCV
55,85,1175.191,1175.925,CV,VCV
56,85,1180.775,1181.22,CV,VCV
57,85,1237.062,1237.574,V,VCV
58,85,1250.628,1251.751,V,VCV
59,85,1252.517,1253.628,V,VCV
60,85,1255.661,1256.183,V,VCV
61,85,1259.398,1260.331,V,VCV
62,85,1260.629,1261.173,V,VCV
63,85,1269.633,1269.889,V,VCV
64,85,1270.857,1271.979,V,VCV
65,85,1326.546,1327.534,V,VCV
66,85,1337.679,1338.068,V,VCV
67,85,1538.62,1539.009,V,VCV
68,85,1542.009,1542.654,V,VCV
69,85,1568.343,1569.199,V,VCV
70,85,1634.118,1634.852,V,VCV
71,85,1636.704,1637.715,C,VCV
72,85,1642.636,1643.347,VC,VCV
73,85,1643.988,1644.499,CV,VCV
74,85,1648.385,1649.152,V,VCV
75,85,1656.724,1657.624,VC,VCV
76,85,1681.357,1683.444,V,VCV
77,85,1684.076,1684.609,VC,VCV
78,85,1686.405,1687.082,VC,VCV
79,85,1687.739,1688.451,VC,VCV
0,87,670.39,671.54,VCVC,VCV
1,87,673.125,673.815,CVCV,VCV
2,87,680.02,680.45,V,VCV
3,87,684.095,685.045,V,VCV
4,87,686.11,687.72,V,VCV
5,87,688.155,690.395,VCV,VCV
6,87,690.825,691.325,VC,VCV
7,87,704.225,705.055,V,VCV
8,87,705.5,705.75,V,VCV
9,87,706.125,706.355,V,VCV
10,87,711.29,711.72,V,VCV
11,87,712.555,713.865,V,VCV
12,87,766.0,766.86,VCVC,VCV
13,87,767.41,767.95,CVCV,VCV
14,87,768.29,768.65,CV,VCV
15,87,769.18,770.04,V,VCV
16,87,771.07,771.24,V,VCV
17,87,831.335,831.915,CVCV,VCV
18,87,845.765,846.695,CVCV,VCV
19,87,851.49,852.12,CVCV,VCV
20,87,871.125,871.735,V,VCV
21,87,872.08,872.4,V,VCV
22,87,887.69,887.94,V,VCV
23,87,944.775,945.265,V,VCV
24,87,945.79,946.37,V,VCV
25,87,946.79,947.2,V,VCV
26,87,949.375,949.575,V,VCV
27,87,949.965,951.605,VCVC,VCV
28,87,977.485,978.315,CVCV,VCV
29,87,1058.58,1059.2,CVCV,VCV
30,87,1120.85,1121.31,VCV,VCV
31,87,1196.43,1196.64,V,VCV
32,87,1332.45,1333.18,VCVC,VCV
33,87,1376.575,1376.805,CV,VCV
34,87,1408.67,1409.34,CVCV,VCV
35,87,1498.965,1499.495,VCV,VCV
36,87,1673.525,1673.895,V,VCV
37,87,1677.68,1678.08,V,VCV
38,87,1678.27,1678.43,V,VCV
39,87,1678.56,1678.94,V,VCV
40,87,1685.52,1685.82,V,VCV
41,87,1692.04,1693.08,V,VCV
42,87,1707.77,1708.11,V,VCV
43,87,1708.66,1708.99,V,VCV
0,91,635.02,635.2,V,VCV
1,91,734.76,735.05,V,VCV
2,91,764.635,764.975,V,VCV
3,91,769.365,769.655,CV,VCV
4,91,823.545,824.225,V,VCV
5,91,827.215,827.465,V,VCV
6,91,842.9,843.11,V,VCV
7,91,867.485,867.805,V,VCV
8,91,869.155,869.76,VC,VCV
9,91,871.002,871.552,CV,VCV
10,91,905.047,905.257,V,VCV
11,91,925.992,926.362,V,VCV
12,91,945.467,945.697,V,VCV
13,91,955.032,955.232,V,VCV
14,91,968.152,968.522,V,VCV
15,91,985.557,985.807,V,VCV
16,91,1016.632,1016.842,V,VCV
17,91,1053.977,1054.5,V,VCV
18,91,1058.852,1060.292,V,VCV
19,91,1072.542,1074.122,VCV,VCV
20,91,1074.352,1075.37,VCV,VCV
21,91,1081.537,1082.147,V,VCV
22,91,1085.912,1086.882,V,VCV
23,91,1157.717,1157.727,,VCV
24,91,1157.727,1158.077,V,VCV
25,91,1186.902,1187.462,VC,VCV
26,91,1218.512,1218.932,V,VCV
27,91,1240.372,1240.922,CV,VCV
28,91,1258.867,1260.47,CV,VCV
29,91,1271.188,1272.038,VC,VCV
30,91,1296.32,1299.083,VCVC,VCV
31,91,1330.228,1331.188,CV,VCV
32,91,1350.668,1351.178,C,VCV
33,91,1362.113,1363.483,VCV,VCV
34,91,1373.148,1374.158,V,VCV
35,91,1404.888,1405.338,CV,VCV
36,91,1515.168,1515.87,V,VCV
37,91,1518.473,1519.073,V,VCV
38,91,1519.983,1520.743,CVCV,VCV
39,91,1530.343,1530.543,V,VCV
40,91,1534.383,1534.733,V,VCV
41,91,1546.998,1548.23,V,VCV
42,91,1549.09,1550.673,VCVC,VCV
43,91,1584.088,1584.968,V,VCV
44,91,1607.888,1608.918,VCVC,VCV
45,91,1622.493,1623.28,VCV,VCV
46,91,1627.553,1628.823,VCVC,VCV
0,94,600.31,604.0,V,VCV
1,94,606.965,609.765,V,VCV
2,94,610.415,611.205,V,VCV
3,94,616.91,618.18,V,VCV
4,94,657.275,658.385,V,VCV
5,94,659.55,661.51,V,VCV
6,94,667.17,667.66,V,VCV
7,94,668.305,668.445,CV,VCV
8,94,742.905,744.685,V,VCV
9,94,782.735,783.475,V,VCV
10,94,785.535,787.095,V,VCV
11,94,791.845,792.345,V,VCV
12,94,794.635,794.805,V,VCV
13,94,797.69,798.11,V,VCV
14,94,808.99,809.52,CVCV,VCV
15,94,811.095,811.355,CV,VCV
16,94,812.255,812.605,V,VCV
17,94,815.42,815.82,V,VCV
18,94,843.9,844.66,V,VCV
19,94,877.08,877.72,V,VCV
20,94,1000.44,1000.89,V,VCV
21,94,1068.585,1068.875,V,VCV
22,94,1111.76,1112.07,V,VCV
23,94,1148.245,1149.235,V,VCV
24,94,1190.03,1190.27,V,VCV
25,94,1260.26,1260.57,V,VCV
26,94,1272.545,1272.855,V,VCV
27,94,1305.96,1306.22,V,VCV
28,94,1309.33,1309.72,V,VCV
29,94,1331.875,1332.315,VCV,VCV
30,94,1333.485,1334.075,VCV,VCV
31,94,1395.03,1395.6,V,VCV
32,94,1405.055,1405.385,CV,VCV
33,94,1425.13,1425.38,V,VCV
34,94,1432.655,1433.075,CV,VCV
35,94,1462.185,1463.045,CV,VCV
36,94,1474.475,1474.935,V,VCV
37,94,1569.835,1570.225,V,VCV
38,94,1587.15,1587.55,C,VCV
39,94,1588.45,1588.94,C,VCV
40,94,1593.845,1594.355,VC,VCV
41,94,1595.07,1595.49,V,VCV
42,94,1596.19,1596.92,V,VCV
43,94,1597.305,1598.205,V,VCV
44,94,1599.545,1599.925,V,VCV
45,94,1607.845,1608.985,V,VCV
46,94,1619.765,1619.955,V,VCV
47,94,1626.87,1627.62,V,VCV
48,94,1720.205,1721.435,V,VCV
49,94,1722.78,1722.98,V,VCV
50,94,1738.34,1738.74,V,VCV
51,94,1749.34,1749.88,V,VCV
52,94,1756.05,1756.3,CV,VCV
53,94,1757.175,1757.625,CV,VCV
54,94,1758.9,1759.17,CV,VCV
55,94,1760.585,1761.475,V,VCV
56,94,1775.57,1775.8,CV,VCV
57,94,1776.375,1778.395,CVCV,VCV
58,94,1778.615,1779.155,V,VCV
59,94,1801.525,1801.665,V,VCV
60,94,1806.315,1806.455,CV,VCV
61,94,1807.585,1807.845,CV,VCV
0,96,611.06,611.29,V,VCV
1,96,622.725,622.925,V,VCV
2,96,651.855,652.145,V,VCV
3,96,662.26,662.83,VCV,VCV
4,96,665.315,665.565,V,VCV
5,96,690.75,690.99,V,VCV
6,96,729.12,729.85,VC,VCV
7,96,732.215,732.425,CV,VCV
8,96,734.71,735.0,V,VCV
9,96,737.895,738.615,CV,VCV
10,96,739.395,739.885,V,VCV
11,96,741.73,742.92,V,VCV
12,96,747.49,748.005,V,VCV
13,96,753.285,754.675,V,VCV
14,96,758.18,758.42,CV,VCV
15,96,768.52,769.35,V,VCV
16,96,802.77,803.25,VC,VCV
17,96,808.01,808.27,V,VCV
18,96,823.46,823.74,V,VCV
19,96,829.13,829.4,V,VCV
20,96,833.335,833.675,V,VCV
21,96,834.925,835.105,V,VCV
22,96,885.015,885.175,V,VCV
23,96,897.205,897.555,V,VCV
24,96,919.28,919.86,V,VCV
25,96,926.23,926.56,CV,VCV
26,96,945.095,945.375,V,VCV
27,96,949.265,949.535,V,VCV
28,96,950.19,950.5,V,VCV
29,96,958.255,958.485,V,VCV
30,96,1012.39,1012.7,V,VCV
31,96,1013.745,1013.985,V,VCV
32,96,1042.464,1042.67,V,VCV
33,96,1091.589,1091.864,C,VCV
34,96,1164.282,1164.572,V,VCV
35,96,1177.931,1178.137,V,VCV
36,96,1201.545,1201.744,V,VCV
37,96,1232.842,1233.025,V,VCV
38,96,1233.589,1233.833,V,VCV
39,96,1284.133,1284.897,VCVC,VCV
40,96,1289.15,1290.553,CVCV,VCV
41,96,1292.941,1293.258,V,VCV
42,96,1295.241,1295.694,CVC,VCV
43,96,1295.694,1295.701,,VCV
44,96,1298.129,1299.036,CVCV,VCV
45,96,1303.51,1304.46,CVCV,VCV
46,96,1310.605,1312.052,CVCV,VCV
47,96,1312.495,1312.899,CV,VCV
48,96,1316.668,1317.637,CVCV,VCV
49,96,1323.632,1324.539,CVCV,VCV
50,96,1325.493,1325.748,V,VCV
51,96,1333.816,1334.232,V,VCV
52,96,1342.915,1343.256,V,VCV
53,96,1346.149,1346.305,V,VCV
54,96,1352.094,1352.373,V,VCV
55,96,1355.792,1356.047,V,VCV
56,96,1358.845,1359.329,V,VCV
57,96,1367.938,1368.124,V,VCV
58,96,1371.198,1371.509,V,VCV
59,96,1379.922,1380.071,V,VCV
60,96,1391.46,1391.628,V,VCV
61,96,1392.617,1393.051,V,VCV
62,96,1397.858,1398.032,V,VCV
63,96,1398.37,1398.867,V,VCV
64,96,1399.856,1400.036,V,VCV
65,96,1416.628,1418.175,VCVC,VCV
66,96,1418.624,1419.09,VC,VCV
67,96,1421.516,1421.857,VC,VCV
68,96,1441.013,1441.566,V,VCV
69,96,1465.184,1466.06,V,VCV
70,96,1476.839,1477.671,V,VCV
71,96,1481.575,1481.867,V,VCV
72,96,1482.64,1483.41,V,VCV
73,96,1488.391,1488.558,V,VCV
74,96,1533.074,1533.41,V,VCV
75,96,1679.871,1679.97,V,VCV
76,96,1809.414,1810.011,V,VCV
0,97,623.66,625.1,V,VCV
1,97,631.73,632.87,VCV,VCV
2,97,668.48,669.03,V,VCV
3,97,719.555,720.065,V,VCV
4,97,725.21,726.19,V,VCV
5,97,820.11,821.02,V,VCV
6,97,862.955,864.375,CVCV,VCV
7,97,865.905,866.735,CVCV,VCV
8,97,871.67,872.41,V,VCV
9,97,874.12,874.5,V,VCV
10,97,877.36,878.14,V,VCV
11,97,881.44,882.12,V,VCV
12,97,936.23,936.53,CV,VCV
13,97,1016.405,1017.115,V,VCV
14,97,1046.95,1047.63,V,VCV
15,97,1083.64,1084.02,V,VCV
16,97,1085.46,1086.04,V,VCV
17,97,1158.9,1159.82,V,VCV
18,97,1164.84,1165.03,V,VCV
19,97,1393.395,1394.595,VCV,VCV
20,97,1396.245,1397.005,VCV,VCV
21,97,1401.695,1402.715,CV,VCV
22,97,1520.085,1520.555,V,VCV
23,97,1567.486,1568.026,V,VCV
24,97,1684.596,1685.076,V,VCV
0,99,616.68,617.21,V,VCV
1,99,650.19,650.79,CV,VCV
2,99,678.395,678.905,V,VCV
3,99,758.965,759.925,V,VCV
4,99,779.09,779.55,V,VCV
5,99,811.935,813.055,V,VCV
6,99,838.69,839.54,V,VCV
7,99,849.475,849.715,V,VCV
8,99,902.45,903.27,V,VCV
9,99,939.945,940.385,V,VCV
10,99,950.17,950.57,V,VCV
11,99,977.845,978.275,V,VCV
12,99,981.735,981.985,V,VCV
13,99,986.775,987.485,V,VCV
14,99,1002.995,1003.405,V,VCV
15,99,1005.075,1005.475,V,VCV
16,99,1009.44,1011.05,V,VCV
17,99,1038.31,1038.7,V,VCV
18,99,1040.57,1040.98,V,VCV
19,99,1060.1,1060.5,V,VCV
20,99,1079.145,1079.415,V,VCV
21,99,1102.975,1103.235,VC,VCV
22,99,1111.45,1111.87,V,VCV
23,99,1153.425,1154.105,VC,VCV
24,99,1165.68,1166.14,V,VCV
25,99,1182.845,1183.615,V,VCV
26,99,1184.775,1185.835,CVCV,VCV
27,99,1191.06,1191.74,V,VCV
28,99,1196.865,1197.795,VCVC,VCV
29,99,1210.605,1211.785,VCV,VCV
30,99,1214.34,1215.23,V,VCV
31,99,1216.67,1217.81,VCVC,VCV
32,99,1253.219,1253.689,V,VCV
33,99,1254.429,1255.059,V,VCV
34,99,1323.219,1323.629,V,VCV
35,99,1342.239,1343.209,V,VCV
36,99,1344.009,1344.749,V,VCV
37,99,1346.079,1350.029,V,VCV
38,99,1351.069,1352.829,V,VCV
39,99,1367.344,1368.344,CV,VCV
40,99,1374.424,1375.63,V,VCV
41,99,1376.204,1377.89,VCV,VCV
42,99,1459.539,1460.059,V,VCV
43,99,1491.384,1491.764,V,VCV
44,99,1591.409,1592.009,V,VCV
45,99,1642.774,1643.574,VCVC,VCV
46,99,1766.839,1767.459,V,VCV
47,99,1771.404,1772.0,VCV,VCV
48,99,1776.299,1777.549,V,VCV
49,99,1780.219,1781.179,VCV,VCV
50,99,1786.824,1787.384,V,VCV
51,99,1794.149,1794.409,V,VCV
52,99,1797.254,1798.284,VCV,VCV
53,99,1798.554,1799.234,V,VCV
54,99,1800.149,1801.109,CVCV,VCV
55,99,1802.774,1803.244,CVCV,VCV
56,99,1804.724,1805.814,VCVC,VCV
0,101,605.81,606.95,V,VCV
1,101,622.17,623.28,V,VCV
2,101,698.175,698.625,V,VCV
3,101,706.4,707.99,V,VCV
4,101,732.685,733.295,V,VCV
5,101,748.58,749.16,V,VCV
6,101,750.23,751.01,V,VCV
7,101,751.56,751.96,V,VCV
8,101,842.55,843.0,V,VCV
9,101,858.555,858.895,V,VCV
10,101,860.015,860.455,V,VCV
11,101,863.245,863.635,V,VCV
12,101,886.21,887.62,V,VCV
13,101,910.585,911.015,V,VCV
14,101,916.04,916.69,V,VCV
15,101,917.135,917.885,V,VCV
16,101,918.67,920.65,VCV,VCV
17,101,928.53,929.54,V,VCV
18,101,930.075,931.205,V,VCV
19,101,935.05,935.8,V,VCV
20,101,936.145,936.575,V,VCV
21,101,936.79,937.13,V,VCV
22,101,960.1,960.98,V,VCV
23,101,983.16,983.7,V,VCV
24,101,1016.02,1017.49,V,VCV
25,101,1018.025,1019.495,V,VCV
26,101,1020.03,1021.03,V,VCV
27,101,1043.55,1044.38,V,VCV
28,101,1089.455,1090.865,V,VCV
29,101,1100.94,1101.62,V,VCV
30,101,1156.59,1157.6,CVCV,VCV
31,101,1195.685,1196.565,V,VCV
32,101,1211.055,1212.275,V,VCV
33,101,1212.835,1214.365,VCVC,VCV
34,101,1214.98,1215.94,CVCV,VCV
35,101,1217.66,1219.17,CVCV,VCV
36,101,1219.695,1219.845,CV,VCV
37,101,1235.432,1236.282,V,VCV
38,101,1239.557,1240.247,V,VCV
39,101,1264.902,1265.722,V,VCV
40,101,1443.332,1443.792,V,VCV
41,101,1446.122,1446.602,V,VCV
42,101,1483.842,1484.492,V,VCV
43,101,1509.997,1510.517,V,VCV
44,101,1511.117,1511.307,V,VCV
45,101,1514.172,1514.892,V,VCV
46,101,1558.502,1559.282,V,VCV
47,101,1559.872,1560.012,V,VCV
48,101,1588.042,1588.552,V,VCV
49,101,1594.377,1595.007,V,VCV
50,101,1694.692,1694.922,V,VCV
51,101,1739.657,1740.387,V,VCV
52,101,1761.552,1762.112,V,VCV
53,101,1780.402,1780.842,V,VCV
54,101,1830.512,1831.752,V,VCV
0,105,610.485,611.015,V,VCV
1,105,620.25,620.83,VC,VCV
2,105,654.56,655.1,V,VCV
3,105,659.54,659.82,V,VCV
4,105,660.93,661.44,CVCV,VCV
5,105,771.245,771.765,V,VCV
6,105,789.865,790.655,V,VCV
7,105,860.41,861.58,V,VCV
8,105,875.915,876.405,V,VCV
9,105,917.05,917.37,CV,VCV
10,105,952.04,953.28,V,VCV
11,105,954.61,954.91,V,VCV
12,105,966.65,967.42,V,VCV
13,105,1050.145,1050.865,V,VCV
14,105,1126.409,1127.167,CVC,VCV
15,105,1131.831,1132.331,V,VCV
16,105,1135.738,1136.381,V,VCV
17,105,1140.13,1141.459,V,VCV
18,105,1144.265,1144.894,CVC,VCV
19,105,1180.087,1180.515,CV,VCV
20,105,1197.443,1198.086,V,VCV
21,105,1223.857,1224.871,V,VCV
22,105,1353.569,1354.697,VC,VCV
23,105,1355.419,1355.89,CV,VCV
24,105,1382.167,1382.782,V,VCV
25,105,1394.559,1394.973,V,VCV
26,105,1406.284,1407.027,VC,VCV
27,105,1408.169,1409.055,V,VCV
28,105,1414.845,1415.23,V,VCV
29,105,1424.863,1425.449,CV,VCV
30,105,1429.394,1429.894,V,VCV
31,105,1432.589,1432.96,V,VCV
32,105,1434.417,1434.917,V,VCV
33,105,1443.923,1444.366,V,VCV
34,105,1448.244,1448.944,V,VCV
35,105,1463.607,1464.265,V,VCV
36,105,1475.976,1476.504,CVC,VCV
37,105,1490.516,1490.859,V,VCV
38,105,1497.044,1498.057,CVCV,VCV
39,105,1498.708,1499.094,CV,VCV
40,105,1503.43,1504.258,V,VCV
41,105,1509.259,1509.588,V,VCV
42,105,1513.762,1514.534,VCV,VCV
43,105,1515.419,1516.091,VC,VCV
44,105,1519.541,1520.155,V,VCV
45,105,1525.999,1526.428,V,VCV
46,105,1527.612,1529.012,V,VCV
47,105,1530.026,1530.712,V,VCV
48,105,1549.525,1549.925,V,VCV
49,105,1553.112,1553.597,V,VCV
50,105,1569.051,1570.38,VCVC,VCV
51,105,1574.36,1576.118,VC,VCV
52,105,1595.948,1596.348,V,VCV
53,105,1600.16,1600.646,V,VCV
54,105,1618.816,1619.145,V,VCV
55,105,1621.055,1621.384,V,VCV
56,105,1626.619,1626.99,V,VCV
57,105,1630.016,1630.643,V,VCV
58,105,1631.387,1631.887,V,VCV
59,105,1636.48,1636.866,V,VCV
60,105,1643.406,1644.306,V,VCV
61,105,1644.998,1645.984,VCV,VCV
62,105,1647.537,1647.851,V,VCV
63,105,1654.09,1654.476,V,VCV
64,105,1655.426,1657.169,CV,VCV
65,105,1659.597,1660.068,VCV,VCV
66,105,1673.025,1673.285,CV,VCV
67,105,1673.639,1673.939,CV,VCV
68,105,1684.141,1684.684,CV,VCV
69,105,1685.685,1686.513,V,VCV
70,105,1706.208,1706.851,V,VCV
71,105,1731.798,1733.127,V,VCV
72,105,1735.033,1736.219,V,VCV
73,105,1758.482,1758.982,CV,VCV
74,105,1782.098,1782.941,V,VCV
0,106,616.38,617.05,CVCV,VCV
1,106,639.24,639.72,VCV,VCV
2,106,651.835,652.175,VCV,VCV
3,106,666.96,667.11,V,VCV
4,106,668.5,668.84,VC,VCV
5,106,670.205,670.375,CV,VCV
6,106,671.395,671.885,VCV,VCV
7,106,672.515,672.775,V,VCV
8,106,678.04,678.3,VCV,VCV
9,106,682.065,682.605,VCVC,VCV
10,106,683.86,684.31,VCVC,VCV
11,106,685.25,685.49,VC,VCV
12,106,686.64,686.93,VCV,VCV
13,106,687.96,688.11,V,VCV
14,106,693.06,693.3,CV,VCV
15,106,695.105,695.225,V,VCV
16,106,696.65,697.26,VCV,VCV
17,106,698.83,699.17,VCV,VCV
18,106,700.675,701.175,VCV,VCV
19,106,706.87,707.0,V,VCV
20,106,714.83,715.39,CVCV,VCV
21,106,717.55,717.88,VC,VCV
22,106,719.73,720.1,VCV,VCV
23,106,722.34,722.78,V,VCV
24,106,724.625,724.825,C,VCV
25,106,727.98,728.59,CVC,VCV
26,106,735.24,735.43,CV,VCV
27,106,740.34,741.49,CVCV,VCV
28,106,742.28,742.58,V,VCV
29,106,744.985,745.695,CV,VCV
30,106,765.235,765.365,V,VCV
31,106,768.025,768.355,CV,VCV
32,106,770.355,770.625,CV,VCV
33,106,771.935,772.245,CV,VCV
34,106,773.655,774.075,V,VCV
35,106,777.64,777.86,CV,VCV
36,106,793.495,793.775,V,VCV
37,106,798.19,799.13,CV,VCV
38,106,805.815,805.945,V,VCV
39,106,806.955,807.245,V,VCV
40,106,808.745,808.905,V,VCV
41,106,810.57,811.01,VCV,VCV
42,106,814.255,814.425,CV,VCV
43,106,816.025,816.685,V,VCV
44,106,817.67,817.91,V,VCV
45,106,818.535,818.705,V,VCV
46,106,819.835,820.015,V,VCV
47,106,827.14,827.28,V,VCV
48,106,833.635,833.875,V,VCV
49,106,866.31,866.73,VCV,VCV
50,106,880.795,881.175,V,VCV
51,106,883.77,883.92,V,VCV
52,106,895.62,896.01,V,VCV
53,106,897.84,898.0,CV,VCV
54,106,902.445,902.785,V,VCV
55,106,928.46,928.89,CVCV,VCV
56,106,932.64,932.99,V,VCV
57,106,934.11,934.55,VCV,VCV
58,106,935.795,936.045,V,VCV
59,106,936.985,937.345,VCV,VCV
60,106,975.45,975.81,CVCV,VCV
61,106,982.045,982.435,CVCV,VCV
62,106,984.125,984.715,VCV,VCV
63,106,992.665,993.015,VCV,VCV
64,106,996.145,996.605,CV,VCV
65,106,1012.33,1012.51,V,VCV
66,106,1013.835,1014.215,CVCV,VCV
67,106,1019.66,1019.74,CV,VCV
68,106,1021.035,1021.155,CV,VCV
69,106,1022.85,1023.29,VCV,VCV
70,106,1028.065,1028.695,VC,VCV
71,106,1029.915,1030.865,CVCV,VCV
72,106,1035.205,1035.355,CV,VCV
73,106,1038.945,1039.515,VCV,VCV
74,106,1048.44,1049.3,CVCV,VCV
75,106,1065.037,1065.407,VCV,VCV
76,106,1066.477,1066.867,CVCV,VCV
77,106,1070.037,1070.167,CV,VCV
78,106,1072.417,1072.627,CV,VCV
79,106,1075.747,1076.157,VCV,VCV
80,106,1081.807,1082.237,VCV,VCV
81,106,1083.107,1083.337,CV,VCV
82,106,1093.297,1093.557,CV,VCV
83,106,1096.242,1096.502,V,VCV
84,106,1098.117,1098.297,V,VCV
85,106,1100.142,1100.612,VCV,VCV
86,106,1101.692,1101.932,CV,VCV
87,106,1122.747,1123.107,V,VCV
88,106,1124.842,1125.902,VC,VCV
89,106,1129.877,1130.227,V,VCV
90,106,1136.987,1137.477,V,VCV
91,106,1138.807,1139.157,VCV,VCV
92,106,1141.297,1141.647,V,VCV
93,106,1143.467,1143.627,V,VCV
94,106,1144.762,1145.162,VCV,VCV
95,106,1148.137,1148.717,CVCV,VCV
96,106,1149.832,1150.182,CV,VCV
97,106,1158.072,1158.302,V,VCV
98,106,1164.752,1165.262,VCV,VCV
99,106,1203.082,1203.442,V,VCV
100,106,1260.637,1261.467,V,VCV
101,106,1284.777,1285.137,V,VCV
102,106,1294.792,1295.002,V,VCV
103,106,1306.142,1306.372,V,VCV
104,106,1315.682,1315.882,CV,VCV
105,106,1325.607,1325.867,CV,VCV
106,106,1339.272,1339.812,CVCV,VCV
107,106,1344.537,1344.777,CV,VCV
108,106,1353.352,1353.552,V,VCV
109,106,1362.167,1362.517,VCV,VCV
110,106,1364.187,1364.537,V,VCV
111,106,1371.137,1371.267,V,VCV
112,106,1372.877,1373.077,V,VCV
113,106,1388.692,1388.852,CV,VCV
114,106,1401.767,1401.967,CV,VCV
115,106,1419.692,1419.922,CV,VCV
116,106,1426.342,1426.792,VCV,VCV
117,106,1443.852,1444.192,V,VCV
118,106,1519.567,1519.727,V,VCV
119,106,1522.752,1522.952,CV,VCV
120,106,1524.717,1525.337,VCV,VCV
121,106,1527.652,1527.922,V,VCV
122,106,1538.3,1538.413,CV,VCV
123,106,1539.649,1539.92,V,VCV
124,106,1550.855,1551.021,CV,VCV
125,106,1552.646,1552.756,CV,VCV
126,106,1553.815,1554.29,CVCV,VCV
127,106,1562.191,1562.278,V,VCV
128,106,1584.628,1585.033,VCV,VCV
129,106,1588.14,1588.606,V,VCV
130,106,1590.469,1590.772,VCV,VCV
131,106,1594.801,1594.924,VCV,VCV
132,106,1601.615,1601.708,V,VCV
133,106,1603.844,1604.354,V,VCV
134,106,1615.194,1615.631,VCV,VCV
135,106,1619.773,1620.096,VC,VCV
136,106,1623.02,1623.169,CV,VCV
137,106,1624.288,1624.448,CV,VCV
138,106,1626.487,1626.829,CVCV,VCV
139,106,1636.887,1637.251,CV,VCV
140,106,1639.524,1639.591,V,VCV
141,106,1644.762,1644.964,V,VCV
142,106,1647.741,1647.878,CV,VCV
143,106,1661.259,1661.492,CVCV,VCV
144,106,1662.829,1663.173,CVCV,VCV
145,106,1668.668,1668.828,V,VCV
146,106,1672.626,1673.002,VC,VCV
147,106,1674.219,1675.539,V,VCV
148,106,1688.033,1688.141,V,VCV
149,106,1690.946,1691.378,V,VCV
150,106,1696.081,1696.169,V,VCV
151,106,1708.101,1708.517,CVCV,VCV
152,106,1709.516,1709.647,CV,VCV
153,106,1710.102,1710.233,V,VCV
154,106,1711.296,1711.652,CV,VCV
155,106,1713.402,1713.489,V,VCV
156,106,1716.4,1716.908,V,VCV
157,106,1718.52,1718.75,V,VCV
158,106,1720.807,1721.568,VC,VCV
159,106,1722.362,1722.639,VC,VCV
160,106,1724.256,1724.405,V,VCV
161,106,1725.839,1726.073,V,VCV
162,106,1728.545,1728.731,V,VCV
163,106,1735.648,1736.027,CVCV,VCV
164,106,1746.538,1746.769,CV,VCV
165,106,1747.684,1748.109,CVCV,VCV
166,106,1749.247,1749.466,V,VCV
167,106,1751.076,1751.266,CV,VCV
168,106,1771.655,1771.76,CV,VCV
169,106,1773.402,1773.708,VCV,VCV
170,106,1774.561,1774.777,VCV,VCV
171,106,1777.18,1777.405,V,VCV
172,106,1787.154,1787.353,V,VCV
0,113,848.41,848.71,V,VCV
1,113,940.97,942.13,V,VCV
2,113,944.59,944.86,V,VCV
3,113,958.115,958.575,V,VCV
4,113,961.535,961.795,V,VCV
5,113,970.625,971.375,V,VCV
6,113,972.73,972.95,CV,VCV
7,113,978.45,978.75,V,VCV
8,113,979.39,979.66,V,VCV
9,113,996.955,997.465,V,VCV
10,113,1003.13,1003.38,V,VCV
11,113,1004.275,1004.525,V,VCV
12,113,1006.68,1007.09,V,VCV
13,113,1050.544,1050.844,V,VCV
14,113,1052.644,1052.904,CV,VCV
15,113,1062.104,1064.064,CVC,VCV
16,113,1080.594,1080.994,CV,VCV
17,113,1086.754,1087.334,V,VCV
18,113,1119.264,1120.304,V,VCV
19,113,1121.974,1122.284,V,VCV
20,113,1123.149,1123.459,V,VCV
21,113,1132.364,1132.704,C,VCV
22,113,1136.514,1136.774,V,VCV
23,113,1137.874,1138.124,V,VCV
24,113,1140.839,1141.209,V,VCV
25,113,1192.604,1192.884,V,VCV
26,113,1197.664,1198.344,VCV,VCV
27,113,1198.944,1199.374,V,VCV
28,113,1215.499,1216.189,V,VCV
29,113,1221.964,1222.374,V,VCV
30,113,1226.049,1226.309,V,VCV
31,113,1227.379,1227.889,V,VCV
32,113,1231.694,1232.214,V,VCV
33,113,1268.394,1268.834,V,VCV
34,113,1276.874,1277.144,V,VCV
35,113,1310.699,1311.009,V,VCV
36,113,1317.404,1317.824,V,VCV
37,113,1330.264,1330.954,V,VCV
38,113,1335.929,1337.459,CVCV,VCV
39,113,1350.084,1351.204,CV,VCV
40,113,1362.674,1363.254,V,VCV
41,113,1378.314,1379.064,V,VCV
42,113,1388.759,1391.11,VC,VCV
43,113,1391.824,1392.024,V,VCV
44,113,1392.484,1392.934,V,VCV
45,113,1430.149,1430.559,V,VCV
46,113,1441.734,1442.364,VCV,VCV
47,113,1491.879,1492.309,V,VCV
48,113,1492.854,1493.384,CVC,VCV
49,113,1494.05,1494.609,CV,VCV
50,113,1500.774,1501.53,CV,VCV
51,113,1508.254,1509.72,V,VCV
52,113,1511.399,1511.909,V,VCV
53,113,1513.654,1514.634,V,VCV
54,113,1551.584,1552.224,VC,VCV
55,113,1552.474,1554.234,V,VCV
56,113,1555.214,1555.744,V,VCV
57,113,1565.719,1566.329,V,VCV
58,113,1566.734,1567.474,CV,VCV
59,113,1567.884,1568.444,V,VCV
60,113,1569.594,1571.244,V,VCV
61,113,1576.469,1576.889,V,VCV
62,113,1620.359,1620.809,V,VCV
63,113,1677.654,1678.054,V,VCV
64,113,1699.974,1700.364,CV,VCV
65,113,1729.189,1731.619,CV,VCV
66,113,1738.234,1738.594,V,VCV
67,113,1740.884,1741.784,V,VCV
68,113,1743.904,1745.804,V,VCV
69,113,1767.234,1768.064,CV,VCV
70,113,1768.629,1768.959,V,VCV
71,113,1772.104,1775.734,V,VCV
72,113,1777.809,1778.279,CV,VCV
73,113,1784.254,1784.784,CV,VCV
74,113,1785.479,1787.639,V,VCV
75,113,1788.169,1789.0,V,VCV
76,113,1789.594,1790.444,V,VCV
77,113,1790.913,1791.679,V,VCV
78,113,1801.579,1802.333,CV,VCV
79,113,1802.897,1804.163,CV,VCV
0,115,39.16,39.73,V,VCV
1,115,127.305,127.855,V,VCV
2,115,181.63,182.13,V,VCV
3,115,243.5,244.04,V,VCV
4,115,317.61,317.91,V,VCV
5,115,331.72,331.98,V,VCV
6,115,345.14,345.56,V,VCV
7,115,347.94,348.32,V,VCV
8,115,361.64,362.42,V,VCV
9,115,367.08,367.72,V,VCV
10,115,375.93,376.28,V,VCV
11,115,407.085,407.235,V,VCV
12,115,424.02,424.84,V,VCV
13,115,426.41,426.67,V,VCV
14,115,431.43,431.64,V,VCV
15,115,446.155,447.285,V,VCV
16,115,447.99,448.46,V,VCV
17,115,450.015,450.465,V,VCV
18,115,454.67,454.99,V,VCV
19,115,458.24,460.27,V,VCV
20,115,467.935,468.975,V,VCV
21,115,474.285,475.135,V,VCV
22,115,475.49,476.79,V,VCV
23,115,479.61,480.66,V,VCV
24,115,486.455,486.935,V,VCV
25,115,487.495,488.345,V,VCV
26,115,494.705,496.695,V,VCV
27,115,502.99,503.6,V,VCV
28,115,504.165,505.005,V,VCV
29,115,558.72,559.11,V,VCV
30,115,559.705,560.005,V,VCV
31,115,560.345,560.555,V,VCV
32,115,561.74,563.81,V,VCV
33,115,565.955,566.295,V,VCV
0,118,626.79,627.09,V,VCV
1,118,748.45,748.79,V,VCV
2,118,974.79,974.97,V,VCV
3,118,985.67,985.88,V,VCV
4,118,1046.795,1047.535,V,VCV
5,118,1052.635,1052.905,V,VCV
6,118,1124.74,1125.16,V,VCV
7,118,1130.94,1131.15,V,VCV
8,118,1151.495,1151.955,V,VCV
9,118,1173.825,1173.985,V,VCV
10,118,1200.175,1200.625,V,VCV
11,118,1201.44,1202.71,V,VCV
12,118,1311.415,1311.665,V,VCV
13,118,1366.06,1366.5,V,VCV
14,118,1371.43,1372.18,V,VCV
15,118,1393.775,1394.105,V,VCV
16,118,1404.2,1404.5,V,VCV
17,118,1407.1,1407.34,V,VCV
18,118,1413.18,1413.48,CV,VCV
19,118,1434.64,1435.58,VCVC,VCV
20,118,1436.305,1436.765,V,VCV
21,118,1735.615,1736.365,V,VCV
22,118,1773.67,1774.65,V,VCV
23,118,1775.84,1776.13,V,VCV
24,118,1791.745,1791.915,V,VCV
25,118,1801.87,1802.9,V,VCV
26,118,1803.225,1804.41,V,VCV
